autoria_nome_publico;total
"""sou da casa"" - blog casadaptada";1
#alice;1
(samba);1
1 real a hora;1
101 games brasil;1
4nju;1
99 balões;1
@flavio_frm;1
@larrysahart;1
@majoryyokomizo;4
a caverna do shinzankuro;1
a educação move o mundo. apoie-nos!;1
a jornada pelos muitos mundos;1
a lenda dos cinco mundos;1
a maldição de boa fortuna;1
a margem é o centro;1
a menina e a criatura;1
a trash mess quer dominar o mundo;1
a vila da criatividade;1
a voz que vêm do terraço;1
abiogênese;1
acir gomes;2
acreanosama's artbook 🦖;1
adam;1
adao de lima jr artes;1
ademar vieira;3
adler daré;3
adote uma artista;1
adri a.;6
adriano de melo kitani;1
adriano ferreira da silva;3
adriano ferrera;5
adriano gon;3
adriano loyola;2
adriel e vinicius em mortos não falam;1
afronerd;1
after life;1
aguinaldo lazarini e yuri andrey;1
ailton de frança/ imáx animation;1
ailton teodoro;1
airton marinho;1
aj alves;1
ajudando o chunan!;1
ajude a brasilball a sobreviver;1
ajude a manter o blog pai viúvo;1
ajude a saikai!!!;1
ajude a são paulo da depressão a ficar cada vez melhor e maior!;1
ajude a toca do nerd!!;1
ajude apolloart;1
ajude mazaki a fazer arte;1
ajude no desenvolvimento ❤;1
ajude o blog fulton pain a crescer;1
ajude o canal do isaac duó;1
ajude o mangá br;1
ajude o meme 'me solta'' sobreviver;1
ajude um soullep;1
ajudinha para comprar materiais;1
alan alves de oliveira;1
alan marques;1
alan yango;3
alcançando o impossível;1
aldefran melo da silva;1
aldo maes dos anjos;2
alecia cartoons;1
alessandra lacerda;1
alessio esteves;1
alex;1
alex  maniezo;1
alex d'ates;2
alex genaro;3
alex mir;7
alex sander;3
alexandre carvalho;2
alexandre dal gallo;1
alexandre de nadal;1
alexandre leoni;1
alexandre morgado;1
alexandre silva;1
alexandro f. da silva;1
alexandro lima;1
alexey dodsworth;1
alexssandro grunewald;1
alice blue;1
alice in badland;1
alice monstrinho;2
alice pereira;2
aliens of camila;2
aline cristine;4
alipio;1
alison andrei;2
allan albuquerque;2
allan macedo de novaes;1
alley;1
almoço, bar & lancherias;1
alpha comics;1
alucinator scan;1
além da vida - quadrinho bl;1
além dos quadrinhos;1
amalgama estúdio;1
amanda calmon martinelli;1
amanda martinelli e cainã fontes;1
amanda ribeiro marques;1
ambrosia portais digitais ltda;1
amedyr;2
ameraki studios - alexandre lince;1
amv produções;6
ana barana;1
ana cardoso;1
ana cavalieri;1
ana li;1
ana luiza koehler;1
ana luiza lacerda;1
ana mei;1
ana paloma silva;1
ana paula côrtes;1
analu medeiros;2
anderson awvas;1
anderson pacheco;2
anderson shon;2
anderson vieira;1
andre freitas;7
andre luiz alonso de assis;1
andre zanki cordenonsi;1
andressa prado;1
andré andrade;1
andré barbosa;1
andré bernardino;1
andré caliman;2
andré carim de oliveira - múltiplo estúdio;11
andré dias araujo;1
andré farias;1
andré inácio;3
andré luiz barroso;1
andré macedo;1
andré modesto;1
andré p;1
andré pedrosa;1
andré renato dos santos de souza;1
andré turtelli poles;1
angelo mokutan;1
anima_nel - brasil anos 2 mil;1
animanga;1
animangá;1
anime brasileiro - lion gael;1
anime center;1
anime sharing day;1
animebomb;1
anisio serrazul;1
annima de mattos;1
anthony mazza;1
anthopomorphic cosmic;1
anticomix;1
antonio alan mangaka;1
antonio costa;2
antonio eder;1
antonio gris;1
antonio luis xiii;1
apenas um pedro;1
apm - artes e quadrinhos;1
apoia a bonne;1
apoia serelepe;1
apoia.se indie ban!;1
apoiar;1
apoie a arte da racka;1
apoie a arte de jeffartes!;1
apoie a imagine;1
apoie a página;1
apoie a woo! magazine;1
apoie minha produção de conteúdo;1
apoie o arte destrutiva!;1
apoie o bacellar - cartunismo;1
apoie o blog splashpages;1
apoie o café, cactos e dinossasuros;1
apoie o calvet;1
apoie o canal almanimes;1
"apoie o canal e ganhe acesso ao ""clã secreto""";1
apoie o canal e seja vip;1
apoie o docontra;1
apoie o kau :3;1
apoie o mangá decon!;1
apoie o marcelo ganhe iphone zero;1
apoie o nerdiota!;1
apoie o planeta bugado!;1
apoie o uma voz da consciência;1
apoie sou petrus;1
apoie sua artista local - ing lee;1
apoie the king in the sun;1
apoie um artista: o m á a r t e;1
apoie um illustrador;1
apoiem o canal;1
apoio a bina confusa;1
apoio ao cícero apenas;1
apoio da alcateia - rhamirex;1
apoio na moralzinha;1
appeducar;1
apóie a rádio ipanema comunitária fm 87,9 - financiamento coletivo;1
archiri usagi;1
arkanum - web comic brasileira!!!;1
arllen ribeiro;1
armando fonseca;1
armon em ação!;1
arnaldo junior;1
arrecadando sonhos;1
arroi cum legumao;1
arte livro e quadrinhos toda semana;1
artes da ard;1
artes do axé;1
artes do cesão;1
arthur amancio;1
arthur hesli;1
artisticamente ajudando os filhos;1
ary araujo de santa cruz oliveira netto;2
as crônicas de um idiota;1
as pérolas de uel;1
as tiras do caos!;1
ashley serena;1
associação núcleo de quadrinhos do piauí;1
associação rede internacional de comunicação apostólica - rica;1
asteri;1
atatica studios;2
atelier do ginzo;1
atlântida;1
atomic editora;3
aulicha;1
austrália premium;1
autismo em quadrinhos;1
avec editora;3
aventuras do livro azul;1
avuá edições;3
ayrton rodrigues;3
b.j. fogueteiro;1
baby drawer;1
balaio secreto do lorde desenheiro;1
balão negro;1
bando celta;1
baphometes;1
basket360;1
bat/broken angel theory;1
batatinha fantasma;2
beatrice witt;1
beatriz blodau;1
beatriz lopes;3
bel pardal;1
berilo cat peste;1
bernardo aurélio;6
berze: deus lhe pegue.;1
best friends do jesusinho;1
betrinequerestudar;1
bi aguiart;1
bian philippi;1
bianca pinheiro;2
bianca reis;5
bichinhos de jardim;1
bill e mandy;1
bill scarpitti;1
binho productions comics;1
bismarcke art;1
blezzz;1
blockchainsupertrader.com;1
bloco narrativo;1
blog endereço disponível;1
blog os profanos;1
blood ties;1
bloodvessel;1
blue ghost;1
bolt studios;1
bombeiro mascarado;1
brasa editora;4
brasileiro de aço;1
brcomic oficial;1
brenda bossato;1
brenda klein;1
breno garcia;1
bright hikari;1
bruna morgan;1
"bruno ""brak"" ferreira";1
bruno batista;1
bruno brunelli;5
bruno corrêa gauto;1
bruno césar;1
bruno césar dos santos;1
bruno de deus vieira;5
bruno de sousa oliveira;3
bruno fernandes alves;1
bruno lavoisier & felipe de sá;1
bruno magno de carvalho;1
bruno maron;1
bruno seelig;1
bruno sorc;2
bruno telles de moura;1
bruno villela;1
bräo;5
bucaneiro nerd;1
bucanera pelo mundo;1
bunda;4
buscando uma nova odisséia;1
bárbara amádio;1
bárbara bueno;1
bárbara machado;5
c.j;3
c4 studio;1
cabrera;1
cadu simões;3
café cartum;1
café com leite e tiras do la cruz;1
cah poszar;2
caio augusto simões dos santos;1
caio castellucci;1
caio césar;1
caio majado;1
caio oliveira;9
caique felipe serafim dos santos;1
caixa do remedios;1
caixopolis;1
calfa;3
calvin golcal;1
camila abdanur;2
camila batista;1
camila loricchio;1
camila reis;1
camilo borges;1
canal adailson ferreira;1
canal de short - fred whatever;1
canal desenhos do tiburcio;1
canal do tony;1
canal lute pela revolução;1
canal marvei;2
canal ocontrollador;1
canal prodigy nerd;1
canal que?! games!;1
canal quimera;1
canal side quest;1
canal sralonez;1
canal sunrett;1
canal walace;1
canhotorium arte aplicada;1
canoa de tolda;1
capa comics;1
capinaremos;1
capitão barba;1
capitão miolo-mole;1
caricatiras;1
carla pilla;1
carlo iotti;1
carlos alberto silva;1
carlos avalone;1
carlos baku;1
carlos brandino;1
carlos eduardo cunha;2
carlos fabiano pinto da silva;2
carlos felipe de c. r. figueiras;6
carlos henrique de souza  carnaúba;2
carlos jenisch;1
carlos lopes da silva antonio;1
carlos rocha;1
carlos ruas;8
carol  studzinski;2
carol cunha;2
carol rossetti;2
carolina sobreira;1
caroline calzolari;2
caroline menegaz;1
carreira do desenhista;1
cartoonzando;1
cartunista das cavernas;5
casca-de-noz;1
cassio ribeiro;1
cat madê;1
catharina baltar;2
cauê rebouças;2
cavalcanti jr.;1
caverna do refúgio;1
cecilia ramos;2
cecilia tangerina faz quadrinhos!;1
celso oliveira menezes;1
central hqs;1
cezar calvin;1
chairim;2
chandelly kidman;1
charges do vinoli;1
charles mos;1
charles ribeiro pinheiro;2
chateados-scans | financiamento!;1
chiaroscuro studios;6
chico oliveira;1
chris machado;1
chris nazza;1
chris pereira;1
chris tex;2
chuva de zine;1
cháfrito;1
cientirinhas;1
cinemantenado;1
clara carvalho;1
clari cabral;1
clarice frança;1
clarissa paiva;1
claudio alves;1
claudio gonçalves claudião;1
clave;1
clayton cardoso;1
clayton inloco;4
clayton ramos rabelo;1
clemyisdying campaign;1
cleyton duarte carriço;2
clio editora;1
clube da hq barras;1
clube de apoio ao giu desenhos;1
clube de assinatura helôilustra;1
clube de assinaturas: hana karnon;1
clube do alfredo;1
clube do bastiaograms;1
clube do blue;1
clube do pedro leite;1
clube do sigui;1
clube do vida de suporte;1
clube dos problemas & cia;1
clube dos surtinhos;1
clube mnq;1
clube protótipo;1
clubinho da brielli;1
clubinho do mattos;1
clubinho dos caídos;1
cláudio boaventura;2
clério arouca;2
coati;1
coisas estranhas;1
coletivo açaí pesado;1
coletivo bereguedê;2
coletivo catarse transforma;1
coletivo de quadrinistas indígenas;1
coletivo guilda dos quadrinhos;1
coletivo iukytáias;1
colibrí tóxico;1
color meow studio;1
começando com o pior talento rank-z;1
comic city;1
comic club br;1
comic+;6
comics e arte digital;1
comics gr;3
comoequetalá;1
compre minha arte enquanto tô vivo;1
compêndio comics;1
conhecimento financeiro;1
conrad editora;1
continuidade da produção artística;1
contos da meg;1
contos do siará;1
contra gigantes;1
conversa de nerd;1
cora ottoni;2
cordeiro de sá;1
cosmic victoria;1
cosmic wolf club;1
cotoco news;1
cqi - companhia de quadrinhos independentes;1
crescer com criatividade;1
criando fã games;1
criar comics studio;1
criativa quadrinhos;1
criações da re vitrola;1
cris camargo;4
cristiano henriques de melo;1
cristiano ludgerio;1
cristiano seixas;3
cristina pezel (escritora e roteirista) - selo pictos;1
cronologiahq;1
cronus case;1
crow;1
cyn gomes;1
cássio peixoto - mucufo coletivo de quadrinhos;1
cátia ana baldoino da silva;2
d. l. werneck;2
d.pedro ii - o imperador no exílio;1
da rosa estúdio;6
dadí;1
daiandreson victor;2
daieny schuttz;1
dalton cara;2
dan aroeira;3
dan borges;1
dango yoshio;1
dani b.;1
dani dias;1
daniel bretas;1
daniel brás;1
daniel cramer;1
daniel dos santos ramos;1
daniel esteves;4
daniel franklin;1
daniel hdr;1
daniel lopes compa calvacante;1
daniel lopez/desvendando o original;1
daniel lucavis;1
daniel ramos;1
daniel rodrigues;2
daniel santos  ramos;1
daniel siqueira lopez lago;1
daniel sousa;4
daniela beleze karasawa;1
daniela rangel baptista;1
danilo fernando de angeli;1
danilo scarpa;1
dann snow;1
dario vetere;1
davi calil;4
david arievilo;1
db_arts;1
death star - a lenda dos defensores;1
deby dreamwalker;1
deivid borba;1
delacroix sasha;1
delmo arguelhes;1
demi;1
denis mello;3
denis rizzoli;1
denise ilustra;1
desat.se;1
desatencioso;1
descolados;1
desenha randall random;1
desenhando a natureza;1
desenhista precisa de ajudar pra republicar obra de hq;2
desenhos da steps;1
desenhos do nando;1
desenhos e comedia;1
desorientanda;1
destro;1
desvio de verba;1
determination maga;1
devahuti dasi;1
devaneio aleatório;1
deyvison manes;2
dfmedieval;1
dharma;1
diana doria;1
dicas e materiais com flavio soares;1
didi mamushka;4
dieferson trindade;9
diego e joão;1
diego esteves;2
diego jose lima silva;1
diego marinho;1
diego maryo;2
diego risan;1
diego sanches;6
diego toledo;1
digo freitas;4
dimitre camargo martins;2
diogo dornelas;1
diogo pavan;2
diversidade nerd | chris gonzatti;1
divisao 9;1
diário ilustrado;1
diêgo miranda;1
don comics & pan quadrinhos;5
dona anésia & cia;1
doug lira;1
douglas cruz;1
douglas mct;1
douglas phillips freitas;6
douglas reinaldo;1
douglas reis ribeiro;1
dougropi;1
down o infernal mundo de syndrome;1
draconian comics;1
draconnasti;1
dragonarte;1
dragão teimoso - dtcast;1
duane henrique;2
duck iazy semanal/quinzenal;1
dínamo estúdio;1
e.t. zuba;1
eberton ferreira;6
ebook box - séries & quadrinhos;1
ecinho lima;1
ed benes;2
ed saraiva jr;1
ed_art;1
eddu menêzes;1
ede galileu;5
edegar agostinho;2
eder modanez;1
edimania;1
editora 85;16
editora aventurástica;1
editora celeste;1
editora clepsidra;1
editora de um livro só;1
editora diário macabro;4
editora draco;25
editora estação liberdade;1
editora filoteia;1
editora heroica;6
editora hipotética;3
editora humanas - fã page;1
editora kimera;3
editora lorentz;2
editora mino;2
editora noir;8
editora oficina raquel;1
editora quadriculando;33
editora quanta;2
editora saicã;9
editora seguinte;1
editora sepiante;1
editora tundra;6
editora universo fantástico;6
editora veneta;1
editora ver-o-gibi;1
editora virafolha;2
editorabezalel:  artes & ofícios;1
edna pessanha alves;1
edson  bortolotte;7
edson luis;1
edu bruks;1
eduardo alves;1
eduardo alves souza;1
eduardo azevedo;2
eduardo baltasar francisco;1
eduardo damasceno;1
eduardo dieb;1
eduardo luiz de campos assumpção;1
eduardo maciel;1
eduardo ramos silverio;1
educação web3 é o futuro digital!;1
elber costa;1
elenilton freitas;1
eliane bonadio;3
elimário rocha.;1
elisa guimarães santos;1
ellie irineu;2
eloisa potrich (a);1
elton santos;1
elyan lopes;7
em quadros - oby studios;1
em um outro mundo;1
emanuel franco;1
embaúra - ufologia em quadrinhos;1
emerson costa;1
emerson luy;1
emir ribeiro;2
emmanuel merlotti;1
emmanuel raphael capistrano bezerra;1
ender s;1
entre facas & canetas;1
epopéia - guerreiros do universo;1
equipamentos p/ livestream/podcasts;1
equipe bugio;3
eric blake art;1
eric peleias;3
erica linhares;1
erike miranda;1
erivaldo carlos gonçalves;1
eron olivo;1
eron villar;2
ester4vieira;1
estevão ribeiro;1
estoriador;1
estudio nerd | cinema, quadrinhos;1
estúdio armon;18
estúdio daniel brandão;1
estúdio heavy & salsa;1
estúdio molotov hq;2
estúdio reich;1
estúdio tanuki;1
estúdio_casinha;1
eu apoio o coletor de histórias;1
eu apoio o gurulino!;1
eu sou infinito - sandro manesco jr;7
eullereu;1
eusoustonehenge.;1
evaldo do nascimento vasconcelos;4
ex.ignorantia;1
experiência psicodélica;1
f7 comics;1
fabiana shizue;1
fabiano ferreira;2
fabio diamond;1
fabio gimovski;4
fabio yabu;3
fabriano rocha;2
fabricio martins;2
fabrizio andriani;1
fabrício gradim;1
falando de filmes e séries;1
fantasmas de honey dear;1
fariaesilvaeditora;3
farpa editora;1
favela do dragão;1
fazendo quadrinhos;1
fazendo quadrinhos e vivendo!;1
faça valer a pena!;1
fe meyer;1
fefê torquato;1
felipe augusto pintura digital;1
felipe cagno;20
felipe castilho;2
felipe cereda;1
felipe coutinho - limao mais velho;2
felipe folgosi;6
felipe fox;1
felipe frias;1
felipe hall;1
felipe lisboa castro;1
felipe maldonado;1
felipe manhães;1
felipe mendes;1
felipe mikha;1
felipe morcelli;3
felipe navarro;2
felipe nunes;1
felipe parucci;3
felipe ribeiro campos;4
felipe sena;1
felipe tazzo;1
felipe watanabe - wata;1
felix comic con;1
fernanda adami;1
fernanda montoni;1
fernanda terra;1
fernando barone;2
fernando castaño;1
fernando dep;1
fernando diguara;1
fernando donato;1
fernando fontana;1
fernando rebouças;1
fernando silva;1
figura editora;25
filipe augusto miranda;1
filipe carvalho artworks;2
filipe coelho;2
finch e o anjo;1
fire crown;1
flavio francisco soares brandão;1
flavio gimenes;1
florete comics;1
fly;1
flyp equipe;1
flávio almeida;12
flávio de almeida;1
flávio de assis produções;1
flávio silva;1
fogo e gelo;1
fora da caixinha;1
forest comunicação;1
francis ortolan;1
francisco costa;2
francisco marcatti;6
francisco silva mauriz;1
francisco ucha;15
francélia pereira;2
franjo castro;1
frank  amorim;1
frank delmindo;1
frank tartarus;2
franklinmeow;1
fratura;1
fred cassar;2
fred hildebrand;1
free friday;1
frezza - cabeça de planeta;1
friends z comics;1
frigoli;2
funktoon;1
furanshisuko draki;1
futuro;2
fuzuê nerd;2
fábio coala cavalcanti;6
fábio lima;1
fábio paiva;4
fábrica;2
fábrica de heróis;1
fábrica faglianostra;1
fábula do destino;1
fábula fabulosa;1
fé em 3d;1
g. profeta;2
gabriel arrais;14
gabriel billy;2
gabriel de góes figueiredo;1
gabriel infante;2
gabriel jardim;6
gabriel kolbe;2
gabriel mier;1
gabriel ossu;1
gabriel rocha;2
gabriel rodrigues da silva;1
gabriel sorriso;2
gabriel sá britto do nascimento;1
gabriela paciulo;1
gabtuns;1
gaivota quadrinhos;1
galaxive;2
galego apulso;1
garagi saloon;1
garcia junior;1
gau ferreira;1
geek book;1
geek one;1
geek station;1
geleia total;1
gem.i.ni;2
genildo charges;1
genildo ronchi;1
geovan motter;2
germana viana;11
gerson de lima galvao;5
gerson teixeira;1
gibiteca na zona leste;1
gidalti oliveira moura jr;1
gigantes ou moinhos de vento?;1
gil mendes;3
giocele vieira rocha;1
"giorgio ""gico"" galli";2
gisele silva;2
glauber lopes;1
glaucia campregher;1
gleidson ribeiro;1
gmarquesvii;1
goblins!;1
gok universe;1
gorjeta e recompensas;1
gota de areia;1
goya maru;1
goók&bou - tirinhas;1
grandesheróisbr;4
graphite editora;16
grupo de apoiadores nerd world club;1
grupo lendari / grupo estante;1
gráfica neubert / editora kalima (off);6
guardiões;1
guardiões da justiça;1
gui lipari;3
guia dos quadrinhos;2
guido silva;1
guilda dos quadrinhos;1
guilherme b.;1
guilherme balbi;1
guilherme bandeira;1
guilherme de sousa;7
guilherme infante;4
guilherme kroll domingues;1
guilherme moraes;1
guilherme sfredo miorando;6
guilhotina;2
gus morais;1
gustavo borges;8
gustavo braz;1
gustavo do nascimento e silva;6
gustavo inafuku;1
gustavo lambreta;1
gustavo nascimento;1
gustavo padilha costenaro;1
gustavo piacentini;1
gustavo ravaglio;2
gustavo santana;2
gótica desanimada;1
haeckel almeida;2
hannah abranches;2
harpercollins brasil;1
haus;1
hayde;1
hb comics studio;1
hebi weiss;1
hector lima;1
hector sousa;1
hector yudi;1
heitor amatsu;1
heitor coelho;1
heitor dias tavares;1
heitor pinheiro da costa;1
helena cunha;1
helô d'angelo;3
henrique antonio kipper;2
henrique brum;1
henrique hübner;1
henrique josé;1
henrique moura dos santos;1
henry garrit;1
henry saints;1
hernande henrique;1
herói;1
heróis sonhadores;1
hgs anime;1
hiago nc quadrinhos;6
hiram miller;1
hiro kawahara;7
hiroshi: world wires;1
história em quadrinho;1
histórias de isolamento;1
histórias de tirar o sono;1
histórias sem quadrinhos;1
hkyll e andy;1
hobrat;1
hotmind comics editora;3
house 137 studio;3
hq daisy monkey;1
hq do anjourbano;1
hq dusk & dawn cataclismo;1
hq e manga brasil;1
hq manchados de sangue;1
hq missão lendária;1
hq nuux;1
hqbr;1
hqs canhotas;1
hqs de mateus de mello furquim;1
hugo canuto;5
humor da depressão;1
humor de cada dia;1
hurulla club;1
hyl art;1
hyperion comics;4
hámor edições;1
ibraim roberson;1
ico duarte e seus projetinhos;1
ifl-sp;1
igor albuquerque;1
igor diogo;1
igor fernando;1
igor santos bastos;1
ikarow;3
ilha kaijuu;1
illustra doug;1
iluminus;1
ilustrando nosso amor;1
ilustrart: ilustração e design;1
ilustrações com meg4mente!;1
ilustrações de garotas mangá;1
ilustrações e quadrinhos 1luska1;1
imaginário sociológico;1
imasugu -  ajuda pra custeio;1
impydragon arte;1
indievisivel press;29
infinity world;1
iniciativa vingadores;1
ink-mix studio;1
instituto aprenda.bio;1
instituto literáfrica;1
instituto vladimir herzog;1
irina alves;1
isa danoninho;1
isaac editora;3
isaac ferreira dos santos;1
isaac tiago;2
isabella schneider de oliveira;1
isac da infinity;1
isadora ferraz;1
isaias santos silva;1
isaque arêas;1
iuri gama;1
ivo (websérie);1
j.l.padilha;1
j.m. duclerc falcão;1
jaciara nisaria dantas;1
jack azulita;1
jackie rodrigues;1
jackson gonçalves;1
jacob athias tutoriais;1
jafeth ribeiro;1
jailson silva;1
james lee;1
jane carmen oliveira;1
januarissimo vivendo de quadrinhos;1
jao de merda;2
jarbas pereira;1
jardim de tinta;1
jarlan félix;2
jayson santos;3
jbraga comunicação;7
jean carlos;5
jean carlos virginio de sá;1
jean galvao;1
jean okada;1
jean santos;1
jefferson costa;3
jefferson henning;1
jefferson venancius;1
jerri dias da silva;2
jesga machado;1
jg histórias;1
jhonas;1
jhonas vieira;1
jhonatan freire;4
jilton joselito de lucena ferreira;1
jimmy rus;2
joanna maciel;1
joao vitor nunes;1
johan wolf;1
john byrne comics & more;1
john dellevanera;1
john russo;1
john symon;2
johnatan marques;1
johnatan srs;3
jonas designer;1
jonathan schiessl;1
jonathas ramos;1
jonnas;1
jonnhy jota;3
jorake 12;1
jorge de barros;1
jorge junior;2
jorge luis garcia;2
jorge luiz cerqueira peixoto;1
jornada cosplayer e influenciadora;1
josafat barbosa awyató;1
joshua cordeiro;1
josias silveira;4
josinaldo lira de farias filho;1
josé augusto luz;1
josé de arimateia de brito cavalcante;1
josé roberto cavalcante alves;1
josé roberto torero;1
josé veríssimo e ju veríssimo;1
josé vitor ferreira queiroz;1
josé wilson magalhães;2
jota a;1
jozz;2
joão azeitona vieira;1
joão cesário hq;1
joão daniel da silva freitas;1
joão gabriel;1
joão lucas gonçalves da silva;1
joão lázaro brito dias;1
joão marcos souza do nascimento;1
joão miranda ilustrador;1
joão pedro;1
joão silveira;1
joão vitor palermo;1
jp da silva;15
jp stories;1
jp_schimidt;1
jpanimations editora;4
jr hellboy menezes;1
judao.com.br;1
julhelena;1
julia bax;1
juliana fiorese;5
juliana lossio;1
juliana loyola;1
juliano rocha oliveira;3
juliano sousa;2
julio almeida;3
jun sugiyama;3
junior cortizo;1
jão;3
jéssica alves da silva;1
júlia frança;1
júlia helena;1
kado;1
kael vitorelo;1
kai;2
kai faz umas artes;1
kai maxnuk;2
kainã lacerda;1
kaio;1
kaio moreira;1
kaiowá media;1
kaminari no kenshi/tropa relâmpago;1
kaminari rondonia;3
kampos;1
kao & misa;1
kari esteves;1
karipola;1
karolyne rocha - art;1
kash fyre;1
katsuya harada;1
katty winne(verse) fazendo arte;1
ken no tsumi - o pecado da espada;1
keto comics;1
keto pagano;2
kiko garcia;2
kiko mello;1
kiko welbber;1
kiwii anônimo;1
klabroom studio;1
klebs junior - instituto hq;2
klewerton bortoli;1
komix brasil;1
korekara;1
kuork tradutores errantes;1
kuroi kuraiyuki;1
kyuu mangaka;1
l j animações;1
la saga de bryan;1
laboralivros;2
laboratório leds / ufop;1
laboratório mangue geek;1
lacerda;1
lacruz;1
lado b lado a;1
lady stardust;1
lady's comics;1
lais lima menini;1
lana potiguara;3
lancelott martins (catalogador hq brasil);1
lara nicolau;1
lari macedo;1
larissa becko;1
larissa palmieri;2
lark;1
lasciva;1
laudo ferreira;2
laura athayde;1
laura jardim;1
laís machado (vagalumie);1
legião do abismo;1
leia hq nacional, curta charges;1
leiliane de brito silva lima;1
lelis;1
lenari editores associados;1
lendo quadrinhos nacionais;1
lennon lopes;1
leno carvalho;1
lenyz comics;1
leonardo;1
leonardo ferreira;1
leonardo finocchi;8
leonardo gonçalves da silva;1
leonardo maciel;2
leonardo melo;2
leonardo santana;2
leonardo solano teodoro;1
leonardo vicente di sessa;1
leonel andreoli;1
letícia pusti;3
levi tonin de souza;1
lexy soares;4
leãonegro;1
life in code;1
ligia zanella;3
lila cruz;4
lilo viana;1
lindenberg de paula mota;1
line lemos;2
linha especial de cadernos;1
linhas de tensão;1
lino arruda;1
lita hayata;3
liverpool comics;2
livro poemação.;1
lobo limão;3
loki artes;1
lorar laurenti;1
lorde jimmy;1
lorena giostri;1
lorena herrero;1
lorobuono fumetti;4
"los 3 ""inimigos"" por tiago recchia";1
lote 42;1
lovelove6;2
ltg;1
lu;2
lua bueno cyriaco;1
luaan fellipe;1
lualfe;1
luan  zuchi;7
luan bani;2
luana cristini;1
luara almeida;1
lucas alves;1
lucas andrade;2
lucas celestino;1
lucas costa;1
lucas gehre;2
lucas libanio;1
lucas lincoln;3
lucas m. ribeiro (lmr);1
lucas mariano da cunha e silva;1
lucas marques sampaio;1
lucas mendonça;3
lucas nascimento;1
lucas oliveira;2
lucas pereira;3
lucas salles;1
lucas sb art;1
lucas t. vasconcelos;1
lucasilva;1
lucasilvartes;1
luciano félix;6
luciano harres braga;1
luciano salles;3
lucio luiz;2
lucy fidelis;1
lucy minene;1
luis henrique moraes;1
luissandro almeida;1
luiz alberto de castro;1
luiz andrade;5
luiz asaf;1
luiz carlos machado;1
luiz felipe l. valsani;1
luiz fernando da silva;1
luiz gustavo;1
luiz miguel dias;1
luiz pedro calango;1
luiz rosa;1
luiza de souza;1
luiza lemos;3
luiza maynara diogo veras;1
luiza mcallister;1
luka aquino;1
lukas hawk;2
luke negreiros;1
lumikai;1
lusca;1
luz, ainda que tardia;1
luís gustavo;1
macaco dumal hobbies;1
magenta king;3
magô pool;1
make good art comics;1
maki em aventuras surreais;1
mamakoosa;6
mambembe livros;1
mangaka leed;1
mangakagalego;1
mangateca dicria;1
mangá alpha 7    ( autor: júlio castro);1
mangá manto de guerra;1
mangá nuvem;1
mangá: dragon ball hakai;1
mangás para kindle no formato mobi;1
manoel d'mann martiniano;1
manoel taylor 🎨;1
manoela wings;1
mantis;1
manu cunhas;2
manáo;1
marcel camargo melfi;2
marcel e marcelli ibaldo;3
marcelo;1
marcelo alves da silva;4
marcelo bruzzesi;1
marcelo costa ribeiro;1
marcelo pirani ghilardi;1
marcelo saravá;1
marcio luiz dos santos;1
marcio r. gotland;5
marcio zanini;2
marco ribeiro;1
marcos  garcia;1
marcos eduardo;1
marcos felipe lopes rodrigues;1
marcos guerra;1
marcos levi;1
marcos noel;1
marcos pena;1
marcos t. nogueira;4
marcus beck;1
marcão rocker;1
mari santtos;1
mariana cagnin;1
mariana petrovana (youko);2
mariana souza;1
mariane gusmão;1
marilia bruno;1
marina coelho nogueira;1
marina fraguas;4
marina schenkel;1
marina timm;1
mario cau;2
mario cavalcanti;1
mario koller artes;1
mario vitor gouveia cau;1
mariá raposa branca;2
marmota;1
marsal;3
marvin rodriguez;4
marília marz;1
mascara nerd;1
mateus b;1
mateus m. côrtes;1
matheus de souza;1
matheus garcia soares;1
matheus hoffmann;1
matheus joy boy;1
matheus rodrigues nascimento;1
matheus sousa;1
matias maxx;1
maurici aurélio;2
mauricio oliveira dias;1
maurilio maia;1
max andrade;8
max andrade x tempo;1
max gibizeiro;2
max mauricio maciel figueiredo;1
mayara lista alcantara;1
mbj;1
me ajude a continuar traduzindo;1
me ajude a paga meus estudos? e tbm realiza meu sonho;1
me ajude a viver da minha arte!;1
mecenato lídico;1
meenhas aventuras;1
megabox addon;1
megafauna;1
megumi kdrw;1
mei yamashiro;1
meiriany ilustra;1
melquizedeque de jesus lins;1
memy;1
meninas wtf - 2020, o retorno;1
mercenários;2
mestre das antigas;1
mestre dos magros;1
meu mangá: jikan no mondai;1
meu meme minha vida;1
meu sonho: um mangá;1
meury aguiar;1
meuscomics;1
mhorgana alessandra;1
michael fortes souza;1
michael luiz martins rocha;1
michel borges;1
michel d. c. galindo;1
michel ramalho;4
mig mendes;2
mika takahashi;1
milena azevedo;4
milly monteiro;1
mina de hq;5
minha hq autoral.;1
minha vida de cão;1
ministério louvor na terra;1
minna editora;1
minna miná;1
mirage estúdio;12
mirage42cit;1
missão nas estrelas;1
misterio;2
mistery plays;1
mistifório editora;2
mmyoi (mari);1
moacir martins;2
moby dick;3
monique alencar;1
monique pinhati;1
mont lunar, o artista gráfico;1
monumental editora;1
moonlight selenites;1
motta;1
mozart cunha do couto;1
mthsmnds;3
mucufo coletivo de quadrinhos;1
mugiwaras oficial;1
muirak studio;1
mulheres nos quadrinhos;1
multiversoac;1
mundo desconhecido;1
mundo malucão;1
mundo mangas;1
mundo sutil;1
mundos fantásticos;1
munpop mundo pós pandemia;1
murata academy;1
murilo alves perin;1
murobishop;1
mylle pampuch;6
mythos editora;3
má matiazi;1
márcio josé moreno;2
márcio willian;2
mário césar dos santos oliveira;5
mário orestes silva;1
mãe especial;1
mês;2
nada;1
nagaiverse - universo expandido;1
naldinho farias;2
nando motta / jay vaquer;1
nani vasques;1
narrativando;1
natacha leonelo;1
natalia conceição;1
nathália adário;1
natnan19;1
neko neko kindle;1
nerd tatuado;1
nerdnewsfrombrazil;1
nesh young jornada;1
nestor gouveia fortunato;1
new sun publisher;1
newpop editora;1
nhq club;1
nicolas de melo maia;1
nigel goodman;1
nilson fontes;1
nilto ribeiro;1
nilton frederico teixeira;1
nina & ariel ++;1
no space for us;1
nossoanime network;1
nova rede social yupii brasil;1
noé da matta ribeiro;1
nunes;1
o anjo e a sereia;1
o cabeça de saco;1
o caminho das flores;1
o ceifador de monstros;1
o futuro mangá;1
o livro de klint;1
o miranimes precisa de você!;1
o mundo é o meu quintal;1
o mímico em quadrinhos;1
o projetista;2
o prologo de yubiwa;1
o.s.h & windowed | comic;1
octavio cariello;3
ocultirinhas apoio;1
odaiment - gerações em conflito;1
odisseia naftalina;1
oficina do prelo;1
ogui l.;2
oito pontas studios;1
oliver viana;1
omamori studio;2
omega comics;1
one piece black version - araujo;1
onzeonze;1
orc azul;1
originais esquitini;1
orlandeli;5
os formidáveis- uma saga brasileira;1
os guerreiros de saturno;1
os protetores;1
osiris santos jr.;1
osmarco caetano valladão júnior;1
otako;1
otaku monstro;1
otoniel oliveira;1
otsuru mangás & animes;1
outside.co;5
pablo casado;2
pablo salazar e rodrigo chaves;2
pablo sena duarte;1
pacha urbano;1
paco steinberg;1
palhaço;1
paloma diniz;1
pan quadrinhos;1
panelinha da batatinha;1
papermelon :o);1
parque urbano da macaxeira.;1
patrux;1
paulo alberto;1
paulo alves;1
paulo borges;1
paulo corrêa;5
paulo fernando;1
paulo gt;2
paulo gutemberg;1
paulo kielwagen;7
paulo kobielski;1
paulo moreira;2
paulo márcio esper;1
paulo ramos;1
paulo roberto;1
paulo rodrigo vieira funfas;1
país das maravilhas da melryn;1
pedro balduino;1
pedro ben;1
pedro e dharilya;3
pedro ferreira;2
pedro henrique viana estrela;1
pedro hutsch balboni;9
pedro leite;5
pedro mauro;3
pedro okuyama;1
pedro papa da silva;1
pedro ponzo;2
pedro senseii;1
phabio cordht;1
phellip willian gruber;6
philipe peters;2
pintando o 7;1
pipipum - um diário ilustrado de pais de primeira viagem.;1
pipocas club;2
pistashi;2
pj kaiowá;2
plasma hero - animação e quadrinhos;1
podcast gibi nosso de cada dia;1
poderoso dinho;2
podre flores;1
pokémon drag race;1
pokémon story;1
poliana gabriela santim;1
polyanna moreira;1
polyelo martins de sousa;1
pop arts - geeklândia;1
portal da hq;1
portal entretenimento;7
portal mystère;1
positivossauro;1
power rainbows;1
prayer place - ajude-nos;1
pri mizuh;1
priscila limonta;1
produtora cb;1
produzindo história em quadrinhos!;1
professor krauss;1
programa nippotv;1
project mangá;1
projeto anomalia;1
projeto café do felino;1
projeto end;1
projeto força.br;1
projeto high level;1
projeto odispace;1
projeto parqueum na rede social.;1
projeto puara vereda;1
projeto web rádio.;1
projetos do tiburcio;1
projetos fycreat;1
promics;1
protetores nacionais  - volume 1;1
pulp;1
pumpking studios;1
pyccampor;1
pão da vida;1
qs comics;1
quadrinho dragões gêmeos volume 2;1
quadrinhofilia / josé aguiar;1
quadrinhos as aventuras de davi;1
quadrinhos bagunçados;1
quadrinhos da mel;1
quadrinhos do lucas;1
quadrinhos fraternos;1
quadrinhos homem reptil;1
quadrinhos hqs gibis divulgação;1
quadrinhos toscos;1
quadrinhos.cão;1
quadro a quadro;3
quadronegro;1
quanticons;1
quarto dos sonhos canal therainho;1
quinta capa quadrinhos livraria;2
r. ricardo;1
ra. soares;1
rabelo;1
rabisco;1
rafa louzada;1
rafabrilustra;1
rafael anderson bezerra;1
rafael baldam;2
rafael bento;2
rafael brindo;2
rafael cavalcanti beltrao;1
rafael conte;2
rafael corrêa;1
rafael danesin;3
rafael diego de serrão moralez;1
rafael dos santos coutinho;2
rafael fritzen;2
rafael josé geraldo;1
rafael koff;9
rafael lopes;2
rafael marçal;6
rafael oliveira pina gimenes;1
rafael rodrigues amorim;3
rafael sam;3
rafael santos;1
rafael sete;1
rafael silva santos;1
rafael torres;1
rafael vitori;1
rafaela villela;1
rafão o maior leitor de gibis;1
rai guimarães;4
raimundo gomes;2
raimundo lima;1
rainer petter;3
raiozinho mari;1
raknay - produções animadas;1
rangel lopes dos santos;1
rapha lima;1
rapha pinheiro;14
raphael hhs;2
raphael mortari;1
raphus press;3
rascunho maldito;1
ray mangás;1
rc produções;1
realejo editora;1
rebeca acco;1
rebeca jessica;1
rebeca prado;2
rebecca braga;1
red;1
red dragon;22
regentes do caos;1
reginaldo carlota;6
reginaldo minas;1
reiko yuma;1
relatos de um dia incrivelmente mediano;1
relatório espacial;1
remedios;1
remerson;1
removido dpo;1
ren nolasco;2
renan laviola;2
renan rivero;3
renata aguiar;1
renata c b lzz;4
renata rinaldi;1
renata santos;1
renato betinho gagliardi;1
renato dal maso rodrigues;1
renato quirino;1
renato santos;2
renê moreira;1
repolho azedo;1
revelations - the darkness;1
revista elysium rpg's;1
revista o grito!;1
revoltirinhas;1
rey m.l.;1
reynerio espinoza;1
ricardo bastos;1
ricardo bruscagin morelatto;1
ricardo de souza kurth;1
ricardo diniz;2
ricardo foganholo;1
ricardo heavy;1
ricardo kuíca;2
ricardo tayra (saposvoadores);2
ricardo tokumoto;2
riccardo carnauba;1
richard cinti;2
richard dantas soares;1
richard furtado;1
rick bastos;2
rick troula;1
risco editora;20
risco impresso;2
rita juliane rodrigues tatim;1
roberta cirne;5
robespierre a. souza;1
robiscos;1
robson moura;5
robson silva;1
robô ilustrador;1
rodrigo bueno;1
rodrigo catraca;2
rodrigo de freitas;4
rodrigo dos reis cabral;1
rodrigo franco;1
rodrigo geraldi;1
rodrigo geraldo;1
rodrigo nardotto;1
rodrigo ortiz vinholo;1
rodrigo otäguro;1
rodrigo ramos;1
rodrigo roddick;1
rodrigo roza;2
rodrigo serra brum machado;1
rodrigo sérgio;1
rodrigo talayer;2
rodrigo viegas;2
roger cruz;1
rogerio casacurta;10
rogerio ferraz da silva;4
rogerio marques de godoy;2
rogério faria;3
ronaldo felipe;1
ronaldo santana da silva;1
ronin fanzine;1
ronroncora;2
rosane sousa;1
rose gambit;1
rosemário souza;1
roteirista empreendedor;2
roy no multiverso / trinityverse!;1
rpg draw (desenhos a mão livre);1
rpg faomatryxss;1
rpgbrasil;1
rubros versos;1
rubyvlog;1
ruis vargas;1
runes;1
rédi bortoluzzi;1
régis rocha;3
rômulo rpc;1
sabatina geek;1
sailorjubs;1
salário prós escr-dubladores;1
sam fonseca;1
sam ruben ati hart;15
samanta hit;1
samuel de gois;1
sander antonelli jr.;2
sandro marcelo farias;1
santo perspicaz, eu apoio!;1
sapo autista;1
sapo lendário;3
sarah chibi arts;1
sarayu - an indie game development;1
sayuritake;1
sce edições;2
seasons of avallen;1
seja um apoiador nerdlandia games;1
selo meia-noite;1
selva;1
sense life;1
septversum;1
"sergio "" rokko"" martinelli";1
sergio barretto;2
sergio chaves;1
sergio dos santos;1
sertão arte memória;1
sessão vip;1
seu android;1
shara de fênix;1
sharon cardoso;1
shiki animes;1
shoidan - historia em quadrinhos;1
shonen comics;1
sillas, o autor;1
silva joão;1
silvia zatta gonzatto;1
silvio db;1
silvio spotti;1
sinerverso produções;2
singularmente;1
sintel star;1
sirlanney;1
skat!;1
sketch comics;1
skript editora;181
smk editora;1
smoking cats;1
sobre livros;1
sobrevivendo na argentina;1
sociedade do mágico se;1
somos todos um;1
sorteios;1
souls;1
spitter dragon editora;9
stanley machado contra o universo;1
stefani rennee;3
stefano azevedo;1
stones studio;1
streamer;1
studio magenta (ânima academia de arte);4
studio marcio abreu;1
stéffmbs;1
subtosco;1
sunça - felipe assumpção soares;2
suu hideto;2
suzanne cascardi;1
sweestellar;1
só lutas;1
t s carmo;1
tai editora;38
tales pereira;1
talessak;8
taliana giurno destro;2
talles rodrigues;7
tanda comics;3
tassiranha;1
taylinda;1
tchelo andrade;1
tea party da 2fy;1
team k;1
tebhata spekman;1
tedoursinho;2
tegmine official;1
tenda de garatujas;1
teocrasília por denis mello;1
tercio alves dos santos;1
terra de ningen;1
thais linhares: ateliê;1
thales molina;1
thaïs kisuki;2
the art of jimmy;1
the dark on light (br);1
the fighterz - ファイターズ;1
the moviemakers;1
the power of choices;1
the rainho - adriano rainho;1
the ray - the 7th mystery - h.game;1
theo szczepanski;1
thiago  lemos;1
thiago brito valle;1
thiago dornelas;1
thiago egg;2
thiago krening;1
thiago lima;3
thiago lopes costa;1
thiago machado cascabulho;1
thiago ossostortos;3
thiago souto;1
thiago spyked;6
thiago vieira;2
thiagocosta.c;1
thomas melgaco;1
thyybrandao;1
tiago barroso;1
tiago de carvalho silva;2
tiago holsi;5
tiago pinheiro;3
tiagomi;1
tiger white;1
tiras ao ermo;1
tiraz;1
tirinhas 3 gerações;1
tirinhas da gabsy;1
tirinhas do hostilnato;1
tirinhas inomináveis;1
titan studio;1
todavia livros;1
todos por fat heroes;1
tom dutra;1
tom gomes;5
ton messa;2
tony brandão;2
tony fernandes. pegasus1 studios;1
torne o mundo de titto, ainda mais incrível - ajude a melhorar o canal e o conteúdo.;1
tortuga;7
total bleed magazine;1
toth comix;1
tradução de mangás | manhwa's, etc.;1
tralhas do jon;1
traço-;1
trem fantasma;5
treze;1
troco da hq (comic tip);1
tropicária;1
tscarmo;5
tulidoim;1
tupayba emerenciano;1
turma do juliano;1
turma do pato papaco;1
turma do pitiú e xibé;1
turma do xiboca;1
tábula editora;3
télio navega;1
téo & o mini mundo;3
u n l i k e;1
ub editora;22
ugra press;3
ultra aliens;1
um ano de jornal grifo;1
unfold brazil donation;1
unicornio ilustrador by ruth araujo;1
universo em bolha de tinta;1
universo hermes & browni;1
universo imaginário;1
união o segredo da lua;1
urso pera comics;1
usuário 1583805;1
vagalumie;1
vagner neubert;2
val armanelli;2
valdo alves;1
valdo arts;1
valmar oliveira;1
valter do carmo moreira;1
vamberto nicomedes;1
van ted;4
vanderlei dos santos ramalho;1
vandré batista;1
vanessa bencz;1
vanessa fernandes dos santos;1
vanessa oliveira;1
varanda;1
vat 19 - brasil;3
venha apoiar o com noção a crescer!;1
venha construir a mana potion com a gente!;1
verônica saiki;5
vestetecnoveste;1
vestigia;1
vi marchetti;1
victor diogenes;2
victor moura;1
victor roque tremante;1
vida de programador;1
vida e arte com batata sem umbigo;1
viih fiorotto;1
vila oculta do cuscuz;1
vinasz;1
vinicios santana;1
vinicius de souza;1
vinicius galhardo;1
vinicius lobo;2
vinícius gressana;1
vinícius lemes;1
vinícius schier;1
vip neura comics;1
vitor emanuel ajudar;1
vitor l. amorim;1
vitor rafael cursino porto;1
vitral - boys love anime!;1
viva sp;1
viver de quadrinhos!;1
viver é complicado;1
vivi melancia;2
vivian duarte;1
voyager;1
víctor coelho;1
w pictures;1
"wagner ""dragon"" armani";3
wagner lustosa;1
wagner willian;1
walber santos;1
walter junior;2
weekly jump box;1
wendell cavalcanti silva;1
wener carvalho;1
werllen holanda;1
wesley araújo;1
wesley atena   do canal wesley atena;1
wesley samp;3
will;4
will emmerich;2
will leite;8
will leão;2
william de melo silva;1
william gene;3
william pereira;1
wilson claudio arts;1
witchcraft space;1
wuta-tumaki;2
xis, seu sorriso não tem preço;1
xrdarts;1
xxxtyr5;1
yellow talk podcast;1
yndomatti atelier;1
yorhán araújo;5
yoshi itice;7
youtuber, escritor e futuro engenheiro.;1
yuri amaral;3
yuyu;1
yves briquet;2
yvy_mistérios da terra;1
z edições;7
zago iris;1
zanadu;1
zarabatana books;7
ze antonio mizael neto;1
zigurate;1
zilson santos da costa;2
zine pixies;1
zines, prints, originais;1
é o grito do bicho;1
érica sena;1
érico assis;2
érika de lima;1
ígor martins de menezes;5
ōkami studio;1
✨ clube da camis ✨;1
サソリ;1
