geral_modalidade;autoria_nome_publico;total
aon;(samba);1
aon;101 games brasil;1
aon;@flavio_frm;1
aon;@majoryyokomizo;1
aon;a maldição de boa fortuna;1
aon;adler daré;3
aon;adri a.;3
aon;adriano de melo kitani;1
aon;adriano ferrera;1
aon;adriano gon;2
aon;aguinaldo lazarini e yuri andrey;1
aon;ailton de frança/ imáx animation;1
aon;ailton teodoro;1
aon;airton marinho;1
aon;alan yango;3
aon;alessandra lacerda;1
aon;alessio esteves;1
aon;alex;1
aon;alex  maniezo;1
aon;alex d'ates;1
aon;alex genaro;1
aon;alex mir;1
aon;alex sander;3
aon;alexandre dal gallo;1
aon;alexandre leoni;1
aon;alexandre morgado;1
aon;alexandro lima;1
aon;alice monstrinho;1
aon;alice pereira;1
aon;aliens of camila;1
aon;aline cristine;2
aon;alipio;1
aon;alison andrei;2
aon;allan albuquerque;1
aon;allan macedo de novaes;1
aon;amanda calmon martinelli;1
aon;amanda martinelli e cainã fontes;1
aon;amanda ribeiro marques;1
aon;ambrosia portais digitais ltda;1
aon;amv produções;3
aon;ana barana;1
aon;ana cardoso;1
aon;ana li;1
aon;analu medeiros;2
aon;anderson awvas;1
aon;anderson shon;1
aon;anderson vieira;1
aon;andre freitas;4
aon;andre luiz alonso de assis;1
aon;andre zanki cordenonsi;1
aon;andré caliman;1
aon;andré carim de oliveira - múltiplo estúdio;6
aon;andré luiz barroso;1
aon;andré modesto;1
aon;andré pedrosa;1
aon;andré renato dos santos de souza;1
aon;angelo mokutan;1
aon;annima de mattos;1
aon;anthony mazza;1
aon;antonio eder;1
aon;antonio gris;1
aon;antonio luis xiii;1
aon;archiri usagi;1
aon;arthur amancio;1
aon;arthur hesli;1
aon;ary araujo de santa cruz oliveira netto;2
aon;associação núcleo de quadrinhos do piauí;1
aon;associação rede internacional de comunicação apostólica - rica;1
aon;atatica studios;1
aon;atlântida;1
aon;atomic editora;1
aon;avec editora;2
aon;bando celta;1
aon;batatinha fantasma;2
aon;beatriz lopes;3
aon;bernardo aurélio;5
aon;bi aguiart;1
aon;bian philippi;1
aon;bianca pinheiro;2
aon;bianca reis;5
aon;bill scarpitti;1
aon;bloco narrativo;1
aon;blood ties;1
aon;bolt studios;1
aon;brenda bossato;1
aon;bright hikari;1
aon;bruna morgan;1
aon;bruno batista;1
aon;bruno brunelli;3
aon;bruno de deus vieira;4
aon;bruno de sousa oliveira;3
aon;bruno lavoisier & felipe de sá;1
aon;bruno maron;1
aon;bruno seelig;1
aon;bruno telles de moura;1
aon;bräo;5
aon;bucaneiro nerd;1
aon;bárbara bueno;1
aon;bárbara machado;4
aon;c.j;2
aon;cabrera;1
aon;cadu simões;3
aon;cah poszar;1
aon;caio majado;1
aon;caio oliveira;9
aon;caique felipe serafim dos santos;1
aon;calfa;1
aon;camila abdanur;1
aon;camila loricchio;1
aon;camilo borges;1
aon;canhotorium arte aplicada;1
aon;capa comics;1
aon;carla pilla;1
aon;carlos avalone;1
aon;carlos baku;1
aon;carlos felipe de c. r. figueiras;4
aon;carlos lopes da silva antonio;1
aon;carlos rocha;1
aon;carlos ruas;3
aon;carol cunha;2
aon;carol rossetti;1
aon;carolina sobreira;1
aon;caroline calzolari;1
aon;cartoonzando;1
aon;cartunista das cavernas;5
aon;cassio ribeiro;1
aon;catharina baltar;1
aon;cauê rebouças;1
aon;cavalcanti jr.;1
aon;cecilia ramos;2
aon;celso oliveira menezes;1
aon;chairim;2
aon;charles mos;1
aon;charles ribeiro pinheiro;1
aon;chiaroscuro studios;1
aon;chris nazza;1
aon;chris pereira;1
aon;chris tex;1
aon;clari cabral;1
aon;clarice frança;1
aon;clayton inloco;2
aon;clayton ramos rabelo;1
aon;clio editora;1
aon;cláudio boaventura;2
aon;clério arouca;2
aon;coletivo bereguedê;1
aon;coletivo iukytáias;1
aon;color meow studio;1
aon;comic+;1
aon;comoequetalá;1
aon;compêndio comics;1
aon;cora ottoni;2
aon;cordeiro de sá;1
aon;cosmic victoria;1
aon;criar comics studio;1
aon;cristiano henriques de melo;1
aon;cristiano seixas;3
aon;crow;1
aon;cátia ana baldoino da silva;1
aon;d. l. werneck;1
aon;da rosa estúdio;1
aon;daiandreson victor;2
aon;dan aroeira;3
aon;dani b.;1
aon;daniel bretas;1
aon;daniel brás;1
aon;daniel cramer;1
aon;daniel esteves;2
aon;daniel franklin;1
aon;daniel lopes compa calvacante;1
aon;daniel rodrigues;1
aon;daniel santos  ramos;1
aon;daniel siqueira lopez lago;1
aon;daniela beleze karasawa;1
aon;daniela rangel baptista;1
aon;danilo fernando de angeli;1
aon;dann snow;1
aon;dario vetere;1
aon;davi calil;4
aon;deivid borba;1
aon;delacroix sasha;1
aon;denis mello;2
aon;denis rizzoli;1
aon;destro;1
aon;determination maga;1
aon;devahuti dasi;1
aon;deyvison manes;2
aon;diana doria;1
aon;didi mamushka;2
aon;dieferson trindade;8
aon;diego e joão;1
aon;diego esteves;2
aon;diego jose lima silva;1
aon;diego marinho;1
aon;diego maryo;1
aon;diego risan;1
aon;diego sanches;6
aon;diego toledo;1
aon;digo freitas;4
aon;dimitre camargo martins;1
aon;diogo pavan;2
aon;diêgo miranda;1
aon;doug lira;1
aon;douglas cruz;1
aon;douglas mct;1
aon;douglas reinaldo;1
aon;douglas reis ribeiro;1
aon;dougropi;1
aon;draconian comics;1
aon;duane henrique;1
aon;dínamo estúdio;1
aon;eberton ferreira;5
aon;ed saraiva jr;1
aon;edegar agostinho;2
aon;editora 85;5
aon;editora diário macabro;4
aon;editora draco;19
aon;editora filoteia;1
aon;editora heroica;4
aon;editora hipotética;2
aon;editora kimera;1
aon;editora mino;2
aon;editora quadriculando;9
aon;editora quanta;1
aon;editora ver-o-gibi;1
aon;editora virafolha;1
aon;edson  bortolotte;4
aon;edson luis;1
aon;edu bruks;1
aon;eduardo baltasar francisco;1
aon;eduardo damasceno;1
aon;eduardo dieb;1
aon;eduardo luiz de campos assumpção;1
aon;eduardo maciel;1
aon;eduardo ramos silverio;1
aon;elber costa;1
aon;elenilton freitas;1
aon;elimário rocha.;1
aon;elisa guimarães santos;1
aon;ellie irineu;2
aon;elyan lopes;3
aon;emanuel franco;1
aon;emerson costa;1
aon;emmanuel raphael capistrano bezerra;1
aon;ender s;1
aon;equipe bugio;3
aon;eric blake art;1
aon;eric peleias;3
aon;erica linhares;1
aon;erike miranda;1
aon;estúdio armon;2
aon;estúdio_casinha;1
aon;eu sou infinito - sandro manesco jr;3
aon;evaldo do nascimento vasconcelos;3
aon;ex.ignorantia;1
aon;f7 comics;1
aon;fabio yabu;2
aon;fabricio martins;1
aon;fabrizio andriani;1
aon;fabrício gradim;1
aon;farpa editora;1
aon;favela do dragão;1
aon;fe meyer;1
aon;fefê torquato;1
aon;felipe cagno;19
aon;felipe castilho;2
aon;felipe coutinho - limao mais velho;1
aon;felipe folgosi;3
aon;felipe fox;1
aon;felipe hall;1
aon;felipe maldonado;1
aon;felipe manhães;1
aon;felipe mendes;1
aon;felipe morcelli;3
aon;felipe navarro;2
aon;felipe nunes;1
aon;felipe parucci;2
aon;felipe ribeiro campos;1
aon;felipe watanabe - wata;1
aon;fernanda adami;1
aon;fernando barone;1
aon;fernando castaño;1
aon;fernando rebouças;1
aon;figura editora;23
aon;filipe augusto miranda;1
aon;filipe carvalho artworks;2
aon;filipe coelho;2
aon;flavio francisco soares brandão;1
aon;flavio gimenes;1
aon;florete comics;1
aon;flyp equipe;1
aon;flávio almeida;2
aon;flávio de almeida;1
aon;flávio de assis produções;1
aon;flávio silva;1
aon;fora da caixinha;1
aon;forest comunicação;1
aon;francis ortolan;1
aon;francisco costa;2
aon;francisco marcatti;1
aon;francisco silva mauriz;1
aon;franjo castro;1
aon;frank delmindo;1
aon;fratura;1
aon;fred cassar;1
aon;frigoli;2
aon;funktoon;1
aon;futuro;2
aon;fábio coala cavalcanti;6
aon;fábio paiva;2
aon;fábrica de heróis;1
aon;g. profeta;2
aon;gabriel arrais;5
aon;gabriel billy;1
aon;gabriel de góes figueiredo;1
aon;gabriel infante;2
aon;gabriel jardim;5
aon;gabriel kolbe;2
aon;gabriel ossu;1
aon;gabriel rocha;1
aon;gabriel rodrigues da silva;1
aon;gabriel sorriso;1
aon;galaxive;2
aon;garagi saloon;1
aon;genildo ronchi;1
aon;geovan motter;1
aon;gerson de lima galvao;1
aon;gerson teixeira;1
aon;"giorgio ""gico"" galli";1
aon;gisele silva;1
aon;glauber lopes;1
aon;glaucia campregher;1
aon;gleidson ribeiro;1
aon;gmarquesvii;1
aon;goya maru;1
aon;grandesheróisbr;2
aon;gui lipari;1
aon;guido silva;1
aon;guilherme balbi;1
aon;guilherme bandeira;1
aon;guilherme de sousa;3
aon;guilherme infante;4
aon;guilherme kroll domingues;1
aon;guilherme moraes;1
aon;guilherme sfredo miorando;1
aon;gus morais;1
aon;gustavo borges;8
aon;gustavo do nascimento e silva;4
aon;gustavo lambreta;1
aon;gustavo piacentini;1
aon;gustavo ravaglio;1
aon;gustavo santana;1
aon;gótica desanimada;1
aon;haeckel almeida;1
aon;hb comics studio;1
aon;hector lima;1
aon;heitor amatsu;1
aon;heitor coelho;1
aon;heitor dias tavares;1
aon;heitor pinheiro da costa;1
aon;helô d'angelo;3
aon;henrique antonio kipper;2
aon;henrique hübner;1
aon;henrique moura dos santos;1
aon;hernande henrique;1
aon;herói;1
aon;hiram miller;1
aon;hiro kawahara;7
aon;histórias de tirar o sono;1
aon;hobrat;1
aon;hotmind comics editora;2
aon;house 137 studio;2
aon;hugo canuto;3
aon;ibraim roberson;1
aon;ifl-sp;1
aon;igor fernando;1
aon;igor santos bastos;1
aon;ikarow;1
aon;illustra doug;1
aon;instituto aprenda.bio;1
aon;instituto vladimir herzog;1
aon;isaac editora;3
aon;isaac tiago;1
aon;isac da infinity;1
aon;isaque arêas;1
aon;j.l.padilha;1
aon;jaciara nisaria dantas;1
aon;jack azulita;1
aon;jackie rodrigues;1
aon;jackson gonçalves;1
aon;james lee;1
aon;jane carmen oliveira;1
aon;jarbas pereira;1
aon;jayson santos;1
aon;jbraga comunicação;1
aon;jean carlos;4
aon;jean carlos virginio de sá;1
aon;jean galvao;1
aon;jean santos;1
aon;jefferson costa;3
aon;jefferson venancius;1
aon;jerri dias da silva;2
aon;jhonas vieira;1
aon;jhonatan freire;1
aon;johan wolf;1
aon;john dellevanera;1
aon;john russo;1
aon;john symon;1
aon;johnatan marques;1
aon;johnatan srs;3
aon;jonnhy jota;1
aon;jorake 12;1
aon;jorge luis garcia;2
aon;jorge luiz cerqueira peixoto;1
aon;joshua cordeiro;1
aon;josinaldo lira de farias filho;1
aon;josé roberto cavalcante alves;1
aon;josé veríssimo e ju veríssimo;1
aon;josé wilson magalhães;1
aon;jota a;1
aon;jozz;1
aon;joão azeitona vieira;1
aon;joão gabriel;1
aon;joão lucas gonçalves da silva;1
aon;joão lázaro brito dias;1
aon;joão marcos souza do nascimento;1
aon;joão silveira;1
aon;joão vitor palermo;1
aon;jp da silva;2
aon;jp stories;1
aon;jp_schimidt;1
aon;julia bax;1
aon;juliana fiorese;5
aon;juliana lossio;1
aon;juliano rocha oliveira;2
aon;julio almeida;1
aon;jun sugiyama;1
aon;junior cortizo;1
aon;jão;2
aon;jéssica alves da silva;1
aon;júlia helena;1
aon;kai maxnuk;1
aon;kainã lacerda;1
aon;kampos;1
aon;kari esteves;1
aon;karipola;1
aon;kash fyre;1
aon;katsuya harada;1
aon;keto pagano;1
aon;kiko mello;1
aon;kiwii anônimo;1
aon;klabroom studio;1
aon;klebs junior - instituto hq;1
aon;klewerton bortoli;1
aon;komix brasil;1
aon;korekara;1
aon;laboratório leds / ufop;1
aon;laboratório mangue geek;1
aon;lacerda;1
aon;lady's comics;1
aon;lais lima menini;1
aon;lana potiguara;2
aon;lancelott martins (catalogador hq brasil);1
aon;lara nicolau;1
aon;lari macedo;1
aon;larissa becko;1
aon;lark;1
aon;lasciva;1
aon;laura athayde;1
aon;laís machado (vagalumie);1
aon;leiliane de brito silva lima;1
aon;lelis;1
aon;lennon lopes;1
aon;leonardo ferreira;1
aon;leonardo finocchi;6
aon;leonardo maciel;2
aon;leonardo santana;1
aon;leonardo vicente di sessa;1
aon;letícia pusti;1
aon;levi tonin de souza;1
aon;lexy soares;2
aon;ligia zanella;2
aon;lila cruz;3
aon;lilo viana;1
aon;lindenberg de paula mota;1
aon;line lemos;1
aon;lita hayata;3
aon;lobo limão;3
aon;lorde jimmy;1
aon;lorena giostri;1
aon;lovelove6;1
aon;lu;2
aon;luaan fellipe;1
aon;lualfe;1
aon;luan  zuchi;1
aon;luan bani;1
aon;luara almeida;1
aon;lucas andrade;1
aon;lucas gehre;2
aon;lucas libanio;1
aon;lucas m. ribeiro (lmr);1
aon;lucas marques sampaio;1
aon;lucas mendonça;3
aon;lucas oliveira;1
aon;lucas pereira;2
aon;lucas salles;1
aon;lucas t. vasconcelos;1
aon;luciano félix;1
aon;luciano harres braga;1
aon;luciano salles;1
aon;lucio luiz;1
aon;luis henrique moraes;1
aon;luiz alberto de castro;1
aon;luiz andrade;3
aon;luiz carlos machado;1
aon;luiz fernando da silva;1
aon;luiz gustavo;1
aon;luiz rosa;1
aon;luiza lemos;2
aon;luiza maynara diogo veras;1
aon;luiza mcallister;1
aon;lukas hawk;1
aon;luke negreiros;1
aon;luís gustavo;1
aon;macaco dumal hobbies;1
aon;magenta king;2
aon;mamakoosa;2
aon;mambembe livros;1
aon;mantis;1
aon;manu cunhas;2
aon;marcel camargo melfi;2
aon;marcel e marcelli ibaldo;3
aon;marcelo;1
aon;marcelo alves da silva;3
aon;marcelo bruzzesi;1
aon;marcelo pirani ghilardi;1
aon;marcio r. gotland;4
aon;marcio zanini;1
aon;marco ribeiro;1
aon;marcos  garcia;1
aon;marcos felipe lopes rodrigues;1
aon;marcos levi;1
aon;marcos noel;1
aon;marcos pena;1
aon;marcos t. nogueira;3
aon;marcus beck;1
aon;marcão rocker;1
aon;mari santtos;1
aon;mariana cagnin;1
aon;mariana petrovana (youko);2
aon;mariana souza;1
aon;marilia bruno;1
aon;marina coelho nogueira;1
aon;marina fraguas;4
aon;marina schenkel;1
aon;mario cau;2
aon;mario cavalcanti;1
aon;mario vitor gouveia cau;1
aon;mariá raposa branca;2
aon;marmota;1
aon;marsal;3
aon;marvin rodriguez;2
aon;marília marz;1
aon;mateus m. côrtes;1
aon;matheus de souza;1
aon;matheus hoffmann;1
aon;matheus rodrigues nascimento;1
aon;matias maxx;1
aon;maurici aurélio;1
aon;max andrade;5
aon;max mauricio maciel figueiredo;1
aon;mayara lista alcantara;1
aon;mei yamashiro;1
aon;michael luiz martins rocha;1
aon;michel ramalho;1
aon;mig mendes;1
aon;mika takahashi;1
aon;milena azevedo;3
aon;milly monteiro;1
aon;minna miná;1
aon;mirage estúdio;5
aon;mirage42cit;1
aon;mistifório editora;2
aon;moacir martins;1
aon;monique pinhati;1
aon;mont lunar, o artista gráfico;1
aon;mthsmnds;3
aon;muirak studio;1
aon;mulheres nos quadrinhos;1
aon;multiversoac;1
aon;murilo alves perin;1
aon;murobishop;1
aon;mylle pampuch;5
aon;mythos editora;2
aon;má matiazi;1
aon;márcio josé moreno;2
aon;márcio willian;1
aon;mário césar dos santos oliveira;4
aon;mário orestes silva;1
aon;mês;2
aon;naldinho farias;1
aon;natalia conceição;1
aon;natnan19;1
aon;nestor gouveia fortunato;1
aon;new sun publisher;1
aon;nicolas de melo maia;1
aon;nigel goodman;1
aon;nilton frederico teixeira;1
aon;nunes;1
aon;o projetista;1
aon;octavio cariello;1
aon;ogui l.;1
aon;oliver viana;1
aon;onzeonze;1
aon;orlandeli;3
aon;osmarco caetano valladão júnior;1
aon;otoniel oliveira;1
aon;outside.co;1
aon;pablo casado;1
aon;pablo salazar e rodrigo chaves;1
aon;pablo sena duarte;1
aon;pacha urbano;1
aon;paco steinberg;1
aon;paloma diniz;1
aon;patrux;1
aon;paulo alberto;1
aon;paulo corrêa;1
aon;paulo fernando;1
aon;paulo gt;1
aon;paulo kielwagen;6
aon;paulo moreira;1
aon;paulo márcio esper;1
aon;paulo ramos;1
aon;paulo roberto;1
aon;paulo rodrigo vieira funfas;1
aon;pedro balduino;1
aon;pedro e dharilya;3
aon;pedro ferreira;1
aon;pedro hutsch balboni;7
aon;pedro leite;5
aon;pedro senseii;1
aon;phellip willian gruber;6
aon;philipe peters;2
aon;pj kaiowá;2
aon;poliana gabriela santim;1
aon;polyanna moreira;1
aon;polyelo martins de sousa;1
aon;portal da hq;1
aon;pri mizuh;1
aon;priscila limonta;1
aon;produtora cb;1
aon;quadrinhofilia / josé aguiar;1
aon;quadrinhos bagunçados;1
aon;quadrinhos.cão;1
aon;quinta capa quadrinhos livraria;1
aon;r. ricardo;1
aon;rabelo;1
aon;rafa louzada;1
aon;rafabrilustra;1
aon;rafael anderson bezerra;1
aon;rafael baldam;2
aon;rafael cavalcanti beltrao;1
aon;rafael corrêa;1
aon;rafael danesin;2
aon;rafael diego de serrão moralez;1
aon;rafael dos santos coutinho;2
aon;rafael fritzen;1
aon;rafael josé geraldo;1
aon;rafael koff;9
aon;rafael lopes;2
aon;rafael marçal;6
aon;rafael rodrigues amorim;1
aon;rafael sam;1
aon;rafael santos;1
aon;rafael sete;1
aon;rafael torres;1
aon;rafaela villela;1
aon;raimundo gomes;1
aon;raimundo lima;1
aon;rainer petter;3
aon;rapha pinheiro;13
aon;raphael mortari;1
aon;realejo editora;1
aon;rebeca acco;1
aon;rebeca prado;2
aon;red dragon;1
aon;regentes do caos;1
aon;reginaldo minas;1
aon;reiko yuma;1
aon;remedios;1
aon;removido dpo;1
aon;ren nolasco;1
aon;renan laviola;2
aon;renan rivero;3
aon;renata rinaldi;1
aon;renato quirino;1
aon;renato santos;2
aon;renê moreira;1
aon;ricardo bruscagin morelatto;1
aon;ricardo foganholo;1
aon;ricardo kuíca;1
aon;ricardo tokumoto;2
aon;richard dantas soares;1
aon;richard furtado;1
aon;rick bastos;2
aon;rick troula;1
aon;risco editora;4
aon;rita juliane rodrigues tatim;1
aon;roberta cirne;1
aon;robespierre a. souza;1
aon;robson moura;2
aon;robson silva;1
aon;rodrigo bueno;1
aon;rodrigo catraca;1
aon;rodrigo de freitas;4
aon;rodrigo dos reis cabral;1
aon;rodrigo geraldo;1
aon;rodrigo ortiz vinholo;1
aon;rodrigo otäguro;1
aon;rodrigo roddick;1
aon;rodrigo roza;1
aon;rodrigo serra brum machado;1
aon;rodrigo sérgio;1
aon;rodrigo talayer;1
aon;rodrigo viegas;1
aon;roger cruz;1
aon;rogerio casacurta;4
aon;rogerio ferraz da silva;2
aon;rogerio marques de godoy;2
aon;rogério faria;1
aon;ronaldo felipe;1
aon;ronaldo santana da silva;1
aon;rose gambit;1
aon;rosemário souza;1
aon;roteirista empreendedor;2
aon;rpgbrasil;1
aon;ruis vargas;1
aon;régis rocha;1
aon;sam fonseca;1
aon;sam ruben ati hart;3
aon;samanta hit;1
aon;samuel de gois;1
aon;sander antonelli jr.;1
aon;sandro marcelo farias;1
aon;sapo lendário;3
aon;selva;1
aon;"sergio "" rokko"" martinelli";1
aon;sergio barretto;2
aon;sergio chaves;1
aon;sergio dos santos;1
aon;silva joão;1
aon;silvia zatta gonzatto;1
aon;silvio db;1
aon;silvio spotti;1
aon;sirlanney;1
aon;skript editora;3
aon;smk editora;1
aon;stefani rennee;3
aon;stones studio;1
aon;studio magenta (ânima academia de arte);4
aon;studio marcio abreu;1
aon;stéffmbs;1
aon;sunça - felipe assumpção soares;1
aon;sweestellar;1
aon;tai editora;2
aon;tales pereira;1
aon;taliana giurno destro;2
aon;talles rodrigues;6
aon;tchelo andrade;1
aon;team k;1
aon;tedoursinho;2
aon;tercio alves dos santos;1
aon;thales molina;1
aon;thaïs kisuki;1
aon;theo szczepanski;1
aon;thiago dornelas;1
aon;thiago krening;1
aon;thiago lima;3
aon;thiago machado cascabulho;1
aon;thiago ossostortos;3
aon;thiago souto;1
aon;thiago spyked;1
aon;thiago vieira;2
aon;thomas melgaco;1
aon;tiago barroso;1
aon;tiago de carvalho silva;2
aon;tiago holsi;5
aon;tiger white;1
aon;tom gomes;5
aon;ton messa;1
aon;tony brandão;2
aon;tortuga;1
aon;treze;1
aon;tscarmo;2
aon;tulidoim;1
aon;tupayba emerenciano;1
aon;télio navega;1
aon;téo & o mini mundo;3
aon;ub editora;1
aon;ugra press;2
aon;universo hermes & browni;1
aon;val armanelli;1
aon;valter do carmo moreira;1
aon;van ted;3
aon;vanderlei dos santos ramalho;1
aon;vanessa bencz;1
aon;vat 19 - brasil;3
aon;verônica saiki;1
aon;vestetecnoveste;1
aon;vestigia;1
aon;victor moura;1
aon;vinasz;1
aon;vinícius gressana;1
aon;vinícius lemes;1
aon;vinícius schier;1
aon;vitor l. amorim;1
aon;vitor rafael cursino porto;1
aon;vivi melancia;1
aon;wagner lustosa;1
aon;walber santos;1
aon;wendell cavalcanti silva;1
aon;wener carvalho;1
aon;werllen holanda;1
aon;wesley samp;3
aon;will emmerich;2
aon;will leite;4
aon;will leão;2
aon;william gene;3
aon;yorhán araújo;5
aon;yoshi itice;6
aon;yuri amaral;1
aon;yves briquet;2
aon;zago iris;1
aon;zarabatana books;1
aon;zigurate;1
aon;zilson santos da costa;1
aon;ígor martins de menezes;5
aon;ōkami studio;1
aon;サソリ;1
flex;4nju;1
flex;@larrysahart;1
flex;@majoryyokomizo;2
flex;acir gomes;1
flex;ademar vieira;3
flex;adri a.;3
flex;adriano ferreira da silva;3
flex;adriano ferrera;4
flex;adriano gon;1
flex;adriano loyola;2
flex;adriel e vinicius em mortos não falam;1
flex;aj alves;1
flex;alan alves de oliveira;1
flex;alan marques;1
flex;aldefran melo da silva;1
flex;aldo maes dos anjos;2
flex;alex d'ates;1
flex;alex genaro;2
flex;alex mir;6
flex;alexandre carvalho;2
flex;alexandre de nadal;1
flex;alexandre silva;1
flex;alexandro f. da silva;1
flex;alexey dodsworth;1
flex;alexssandro grunewald;1
flex;alice monstrinho;1
flex;alice pereira;1
flex;aline cristine;1
flex;allan albuquerque;1
flex;alley;1
flex;amedyr;2
flex;ameraki studios - alexandre lince;1
flex;amv produções;3
flex;ana cavalieri;1
flex;ana luiza lacerda;1
flex;ana mei;1
flex;ana paloma silva;1
flex;ana paula côrtes;1
flex;anderson pacheco;2
flex;anderson shon;1
flex;andre freitas;3
flex;andressa prado;1
flex;andré andrade;1
flex;andré barbosa;1
flex;andré bernardino;1
flex;andré caliman;1
flex;andré carim de oliveira - múltiplo estúdio;5
flex;andré dias araujo;1
flex;andré farias;1
flex;andré inácio;3
flex;andré macedo;1
flex;andré p;1
flex;andré turtelli poles;1
flex;anisio serrazul;1
flex;anthopomorphic cosmic;1
flex;anticomix;1
flex;antonio costa;2
flex;apoie o kau :3;1
flex;arllen ribeiro;1
flex;armando fonseca;1
flex;arnaldo junior;1
flex;ashley serena;1
flex;atatica studios;1
flex;atomic editora;2
flex;avec editora;1
flex;avuá edições;3
flex;ayrton rodrigues;3
flex;b.j. fogueteiro;1
flex;balão negro;1
flex;bel pardal;1
flex;bernardo aurélio;1
flex;bichinhos de jardim;1
flex;brasa editora;4
flex;brenda klein;1
flex;"bruno ""brak"" ferreira";1
flex;bruno brunelli;2
flex;bruno corrêa gauto;1
flex;bruno césar;1
flex;bruno césar dos santos;1
flex;bruno de deus vieira;1
flex;bruno fernandes alves;1
flex;bruno magno de carvalho;1
flex;bruno sorc;2
flex;bruno villela;1
flex;bunda;4
flex;bárbara machado;1
flex;c.j;1
flex;c4 studio;1
flex;café cartum;1
flex;cah poszar;1
flex;caio augusto simões dos santos;1
flex;caio césar;1
flex;calfa;2
flex;calvin golcal;1
flex;camila abdanur;1
flex;camila batista;1
flex;camila reis;1
flex;canoa de tolda;1
flex;carlo iotti;1
flex;carlos alberto silva;1
flex;carlos brandino;1
flex;carlos eduardo cunha;2
flex;carlos fabiano pinto da silva;2
flex;carlos felipe de c. r. figueiras;2
flex;carlos henrique de souza  carnaúba;2
flex;carlos jenisch;1
flex;carlos ruas;5
flex;carol  studzinski;2
flex;carol rossetti;1
flex;caroline calzolari;1
flex;caroline menegaz;1
flex;cat madê;1
flex;catharina baltar;1
flex;cauê rebouças;1
flex;cezar calvin;1
flex;chandelly kidman;1
flex;charles ribeiro pinheiro;1
flex;chiaroscuro studios;5
flex;chico oliveira;1
flex;chris machado;1
flex;chris tex;1
flex;cháfrito;1
flex;clarissa paiva;1
flex;claudio alves;1
flex;claudio gonçalves claudião;1
flex;clave;1
flex;clayton cardoso;1
flex;clayton inloco;2
flex;cleyton duarte carriço;2
flex;coati;1
flex;coletivo açaí pesado;1
flex;coletivo bereguedê;1
flex;coletivo de quadrinistas indígenas;1
flex;comic+;5
flex;comics gr;3
flex;conrad editora;1
flex;cqi - companhia de quadrinhos independentes;1
flex;criativa quadrinhos;1
flex;cris camargo;4
flex;cristiano ludgerio;1
flex;cristina pezel (escritora e roteirista) - selo pictos;1
flex;cássio peixoto - mucufo coletivo de quadrinhos;1
flex;cátia ana baldoino da silva;1
flex;da rosa estúdio;5
flex;dadí;1
flex;dalton cara;2
flex;dan borges;1
flex;dango yoshio;1
flex;dani dias;1
flex;daniel dos santos ramos;1
flex;daniel esteves;2
flex;daniel lucavis;1
flex;daniel ramos;1
flex;daniel rodrigues;1
flex;daniel sousa;4
flex;danilo scarpa;1
flex;delmo arguelhes;1
flex;demi;1
flex;denis mello;1
flex;denise ilustra;1
flex;desenhista precisa de ajudar pra republicar obra de hq;2
flex;dfmedieval;1
flex;didi mamushka;2
flex;dieferson trindade;1
flex;diego maryo;1
flex;dimitre camargo martins;1
flex;diogo dornelas;1
flex;diversidade nerd | chris gonzatti;1
flex;don comics & pan quadrinhos;5
flex;douglas phillips freitas;6
flex;duane henrique;1
flex;eberton ferreira;1
flex;ed benes;2
flex;ed_art;1
flex;eddu menêzes;1
flex;ede galileu;5
flex;eder modanez;1
flex;editora 85;11
flex;editora aventurástica;1
flex;editora clepsidra;1
flex;editora de um livro só;1
flex;editora draco;6
flex;editora estação liberdade;1
flex;editora heroica;2
flex;editora hipotética;1
flex;editora kimera;1
flex;editora lorentz;2
flex;editora noir;8
flex;editora oficina raquel;1
flex;editora quadriculando;24
flex;editora quanta;1
flex;editora saicã;9
flex;editora seguinte;1
flex;editora tundra;6
flex;editora universo fantástico;6
flex;editora veneta;1
flex;editora virafolha;1
flex;edna pessanha alves;1
flex;edson  bortolotte;3
flex;eduardo alves;1
flex;eduardo alves souza;1
flex;eduardo azevedo;2
flex;eliane bonadio;3
flex;eloisa potrich (a);1
flex;elyan lopes;4
flex;em quadros - oby studios;1
flex;emerson luy;1
flex;emir ribeiro;2
flex;emmanuel merlotti;1
flex;erivaldo carlos gonçalves;1
flex;eron olivo;1
flex;eron villar;2
flex;estevão ribeiro;1
flex;estúdio armon;16
flex;estúdio molotov hq;2
flex;estúdio tanuki;1
flex;eu sou infinito - sandro manesco jr;4
flex;evaldo do nascimento vasconcelos;1
flex;fabiana shizue;1
flex;fabiano ferreira;2
flex;fabio diamond;1
flex;fabio gimovski;4
flex;fabio yabu;1
flex;fabriano rocha;1
flex;fabricio martins;1
flex;fariaesilvaeditora;3
flex;felipe cagno;1
flex;felipe cereda;1
flex;felipe coutinho - limao mais velho;1
flex;felipe folgosi;3
flex;felipe frias;1
flex;felipe mikha;1
flex;felipe parucci;1
flex;felipe ribeiro campos;3
flex;felipe tazzo;1
flex;fernanda montoni;1
flex;fernanda terra;1
flex;fernando barone;1
flex;fernando dep;1
flex;fernando diguara;1
flex;fernando donato;1
flex;fernando fontana;1
flex;fernando silva;1
flex;figura editora;2
flex;fly;1
flex;flávio almeida;9
flex;francisco marcatti;5
flex;francisco ucha;15
flex;francélia pereira;2
flex;frank  amorim;1
flex;frank tartarus;2
flex;franklinmeow;1
flex;fred cassar;1
flex;fred hildebrand;1
flex;furanshisuko draki;1
flex;fuzuê nerd;2
flex;fábio lima;1
flex;fábio paiva;2
flex;fábrica;1
flex;fábrica faglianostra;1
flex;gabriel arrais;9
flex;gabriel jardim;1
flex;gabriel mier;1
flex;gabriel rocha;1
flex;gabriel sorriso;1
flex;gabriel sá britto do nascimento;1
flex;gabriela paciulo;1
flex;gaivota quadrinhos;1
flex;garcia junior;1
flex;gau ferreira;1
flex;geek book;1
flex;gem.i.ni;2
flex;geovan motter;1
flex;germana viana;11
flex;gerson de lima galvao;3
flex;gidalti oliveira moura jr;1
flex;gil mendes;1
flex;giocele vieira rocha;1
flex;"giorgio ""gico"" galli";1
flex;gisele silva;1
flex;grandesheróisbr;2
flex;graphite editora;16
flex;grupo lendari / grupo estante;1
flex;gráfica neubert / editora kalima (off);5
flex;gui lipari;2
flex;guia dos quadrinhos;2
flex;guilda dos quadrinhos;1
flex;guilherme b.;1
flex;guilherme de sousa;4
flex;guilherme sfredo miorando;5
flex;guilhotina;2
flex;gustavo braz;1
flex;gustavo do nascimento e silva;2
flex;gustavo inafuku;1
flex;gustavo padilha costenaro;1
flex;gustavo ravaglio;1
flex;gustavo santana;1
flex;haeckel almeida;1
flex;hannah abranches;2
flex;harpercollins brasil;1
flex;haus;1
flex;hayde;1
flex;hector sousa;1
flex;hector yudi;1
flex;helena cunha;1
flex;henrique brum;1
flex;henrique josé;1
flex;henry garrit;1
flex;henry saints;1
flex;hiago nc quadrinhos;6
flex;hotmind comics editora;1
flex;house 137 studio;1
flex;hugo canuto;2
flex;hyl art;1
flex;hyperion comics;4
flex;hámor edições;1
flex;igor albuquerque;1
flex;igor diogo;1
flex;ikarow;2
flex;indievisivel press;29
flex;instituto literáfrica;1
flex;irina alves;1
flex;isaac ferreira dos santos;1
flex;isaac tiago;1
flex;isaias santos silva;1
flex;iuri gama;1
flex;j.m. duclerc falcão;1
flex;jafeth ribeiro;1
flex;jailson silva;1
flex;jardim de tinta;1
flex;jayson santos;2
flex;jbraga comunicação;6
flex;jean carlos;1
flex;jefferson henning;1
flex;jesga machado;1
flex;jhonas;1
flex;jhonatan freire;3
flex;jilton joselito de lucena ferreira;1
flex;jimmy rus;2
flex;joao vitor nunes;1
flex;john symon;1
flex;jonas designer;1
flex;jonathan schiessl;1
flex;jonathas ramos;1
flex;jonnhy jota;2
flex;jorge de barros;1
flex;jorge junior;1
flex;josafat barbosa awyató;1
flex;josias silveira;4
flex;josé augusto luz;1
flex;josé de arimateia de brito cavalcante;1
flex;josé roberto torero;1
flex;josé vitor ferreira queiroz;1
flex;josé wilson magalhães;1
flex;jozz;1
flex;joão cesário hq;1
flex;joão daniel da silva freitas;1
flex;joão pedro;1
flex;jp da silva;13
flex;jpanimations editora;4
flex;jr hellboy menezes;1
flex;juliana loyola;1
flex;juliano sousa;2
flex;julio almeida;2
flex;jun sugiyama;2
flex;jão;1
flex;júlia frança;1
flex;kado;1
flex;kai;2
flex;kai maxnuk;1
flex;kaio;1
flex;kaminari rondonia;3
flex;kao & misa;1
flex;keto pagano;1
flex;kiko garcia;2
flex;klebs junior - instituto hq;1
flex;kuroi kuraiyuki;1
flex;kyuu mangaka;1
flex;laboralivros;2
flex;lacruz;1
flex;lana potiguara;1
flex;larissa palmieri;2
flex;laudo ferreira;2
flex;laura jardim;1
flex;lenari editores associados;1
flex;leno carvalho;1
flex;leonardo;1
flex;leonardo finocchi;2
flex;leonardo gonçalves da silva;1
flex;leonardo melo;2
flex;leonardo santana;1
flex;leonardo solano teodoro;1
flex;leonel andreoli;1
flex;letícia pusti;2
flex;lexy soares;2
flex;leãonegro;1
flex;ligia zanella;1
flex;line lemos;1
flex;lorar laurenti;1
flex;lorobuono fumetti;4
flex;lote 42;1
flex;lovelove6;1
flex;lua bueno cyriaco;1
flex;luan  zuchi;6
flex;luan bani;1
flex;luana cristini;1
flex;lucas alves;1
flex;lucas andrade;1
flex;lucas costa;1
flex;lucas lincoln;3
flex;lucas mariano da cunha e silva;1
flex;lucas nascimento;1
flex;lucas oliveira;1
flex;lucas pereira;1
flex;lucasilvartes;1
flex;luciano félix;5
flex;luciano salles;1
flex;lucio luiz;1
flex;lucy fidelis;1
flex;luissandro almeida;1
flex;luiz andrade;1
flex;luiz asaf;1
flex;luiz felipe l. valsani;1
flex;luiz miguel dias;1
flex;luiz pedro calango;1
flex;luiza lemos;1
flex;luka aquino;1
flex;lukas hawk;1
flex;lusca;1
flex;magenta king;1
flex;magô pool;1
flex;mamakoosa;4
flex;mangá alpha 7    ( autor: júlio castro);1
flex;manoel d'mann martiniano;1
flex;manoela wings;1
flex;marcelo alves da silva;1
flex;marcelo costa ribeiro;1
flex;marcelo saravá;1
flex;marcio luiz dos santos;1
flex;marcio r. gotland;1
flex;marcio zanini;1
flex;marcos guerra;1
flex;marcos t. nogueira;1
flex;mariane gusmão;1
flex;marina timm;1
flex;marvin rodriguez;2
flex;mateus b;1
flex;matheus garcia soares;1
flex;matheus sousa;1
flex;maurici aurélio;1
flex;mauricio oliveira dias;1
flex;maurilio maia;1
flex;max andrade;3
flex;max gibizeiro;2
flex;mbj;1
flex;melquizedeque de jesus lins;1
flex;memy;1
flex;mestre dos magros;1
flex;mhorgana alessandra;1
flex;michael fortes souza;1
flex;michel borges;1
flex;michel d. c. galindo;1
flex;michel ramalho;3
flex;mig mendes;1
flex;milena azevedo;1
flex;mina de hq;4
flex;minna editora;1
flex;mirage estúdio;7
flex;moacir martins;1
flex;moby dick;3
flex;monique alencar;1
flex;monumental editora;1
flex;mundo sutil;1
flex;mylle pampuch;1
flex;mythos editora;1
flex;márcio willian;1
flex;mário césar dos santos oliveira;1
flex;naldinho farias;1
flex;nando motta / jay vaquer;1
flex;nani vasques;1
flex;natacha leonelo;1
flex;nathália adário;1
flex;nilson fontes;1
flex;nilto ribeiro;1
flex;noé da matta ribeiro;1
flex;o projetista;1
flex;octavio cariello;2
flex;odaiment - gerações em conflito;1
flex;oficina do prelo;1
flex;ogui l.;1
flex;oito pontas studios;1
flex;omamori studio;2
flex;orlandeli;2
flex;os protetores;1
flex;osiris santos jr.;1
flex;otako;1
flex;outside.co;4
flex;pablo casado;1
flex;pablo salazar e rodrigo chaves;1
flex;pan quadrinhos;1
flex;paulo alves;1
flex;paulo borges;1
flex;paulo corrêa;4
flex;paulo gt;1
flex;paulo gutemberg;1
flex;paulo kielwagen;1
flex;paulo kobielski;1
flex;paulo moreira;1
flex;pedro ben;1
flex;pedro ferreira;1
flex;pedro henrique viana estrela;1
flex;pedro hutsch balboni;2
flex;pedro mauro;3
flex;pedro okuyama;1
flex;pedro papa da silva;1
flex;pedro ponzo;2
flex;phabio cordht;1
flex;pipocas club;1
flex;pistashi;2
flex;poderoso dinho;2
flex;podre flores;1
flex;portal entretenimento;7
flex;positivossauro;1
flex;promics;1
flex;pumpking studios;1
flex;qs comics;1
flex;quadro a quadro;3
flex;quadronegro;1
flex;quinta capa quadrinhos livraria;1
flex;ra. soares;1
flex;rafael bento;2
flex;rafael brindo;2
flex;rafael conte;2
flex;rafael danesin;1
flex;rafael fritzen;1
flex;rafael rodrigues amorim;2
flex;rafael sam;2
flex;rafael silva santos;1
flex;rafael vitori;1
flex;rai guimarães;4
flex;raimundo gomes;1
flex;rangel lopes dos santos;1
flex;rapha lima;1
flex;raphael hhs;2
flex;raphus press;3
flex;rebeca jessica;1
flex;rebecca braga;1
flex;red;1
flex;red dragon;20
flex;reginaldo carlota;6
flex;remerson;1
flex;renata aguiar;1
flex;renata c b lzz;4
flex;renata santos;1
flex;renato betinho gagliardi;1
flex;renato dal maso rodrigues;1
flex;revista o grito!;1
flex;reynerio espinoza;1
flex;ricardo bastos;1
flex;ricardo de souza kurth;1
flex;ricardo diniz;2
flex;ricardo heavy;1
flex;ricardo kuíca;1
flex;ricardo tayra (saposvoadores);2
flex;riccardo carnauba;1
flex;richard cinti;2
flex;risco editora;16
flex;risco impresso;2
flex;roberta cirne;4
flex;robson moura;3
flex;rodrigo catraca;1
flex;rodrigo nardotto;1
flex;rodrigo ramos;1
flex;rodrigo roza;1
flex;rodrigo talayer;1
flex;rodrigo viegas;1
flex;rogerio casacurta;5
flex;rogerio ferraz da silva;2
flex;rogério faria;2
flex;ronroncora;1
flex;rosane sousa;1
flex;rédi bortoluzzi;1
flex;régis rocha;2
flex;rômulo rpc;1
flex;sailorjubs;1
flex;sam ruben ati hart;12
flex;sander antonelli jr.;1
flex;sayuritake;1
flex;sce edições;2
flex;selo meia-noite;1
flex;sertão arte memória;1
flex;sharon cardoso;1
flex;sillas, o autor;1
flex;sinerverso produções;2
flex;sketch comics;1
flex;skript editora;178
flex;somos todos um;1
flex;spitter dragon editora;9
flex;stefano azevedo;1
flex;sunça - felipe assumpção soares;1
flex;suu hideto;2
flex;suzanne cascardi;1
flex;tai editora;36
flex;talessak;6
flex;talles rodrigues;1
flex;tanda comics;3
flex;tebhata spekman;1
flex;thaïs kisuki;1
flex;the power of choices;1
flex;the rainho - adriano rainho;1
flex;thiago  lemos;1
flex;thiago brito valle;1
flex;thiago egg;2
flex;thiago lopes costa;1
flex;thiago spyked;5
flex;tiago pinheiro;3
flex;titan studio;1
flex;todavia livros;1
flex;tom dutra;1
flex;ton messa;1
flex;tony fernandes. pegasus1 studios;1
flex;tortuga;6
flex;trem fantasma;5
flex;tscarmo;3
flex;tábula editora;3
flex;ub editora;21
flex;ugra press;1
flex;ultra aliens;1
flex;um ano de jornal grifo;1
flex;união o segredo da lua;1
flex;urso pera comics;1
flex;usuário 1583805;1
flex;vagner neubert;2
flex;val armanelli;1
flex;valmar oliveira;1
flex;vamberto nicomedes;1
flex;van ted;1
flex;vandré batista;1
flex;vanessa fernandes dos santos;1
flex;vanessa oliveira;1
flex;varanda;1
flex;verônica saiki;4
flex;vi marchetti;1
flex;victor diogenes;1
flex;victor roque tremante;1
flex;vinicios santana;1
flex;vinicius de souza;1
flex;vinicius galhardo;1
flex;vinicius lobo;2
flex;vivi melancia;1
flex;vivian duarte;1
flex;víctor coelho;1
flex;"wagner ""dragon"" armani";3
flex;walter junior;2
flex;wesley araújo;1
flex;wesley atena   do canal wesley atena;1
flex;will;4
flex;will leite;4
flex;william de melo silva;1
flex;william pereira;1
flex;wuta-tumaki;2
flex;yuri amaral;2
flex;yvy_mistérios da terra;1
flex;z edições;7
flex;zarabatana books;6
flex;ze antonio mizael neto;1
flex;zilson santos da costa;1
flex;érica sena;1
flex;érico assis;2
flex;érika de lima;1
sub;"""sou da casa"" - blog casadaptada";1
sub;#alice;1
sub;1 real a hora;1
sub;99 balões;1
sub;@majoryyokomizo;1
sub;a caverna do shinzankuro;1
sub;a educação move o mundo. apoie-nos!;1
sub;a jornada pelos muitos mundos;1
sub;a lenda dos cinco mundos;1
sub;a margem é o centro;1
sub;a menina e a criatura;1
sub;a trash mess quer dominar o mundo;1
sub;a vila da criatividade;1
sub;a voz que vêm do terraço;1
sub;abiogênese;1
sub;acir gomes;1
sub;acreanosama's artbook 🦖;1
sub;adam;1
sub;adao de lima jr artes;1
sub;adote uma artista;1
sub;afronerd;1
sub;after life;1
sub;ajudando o chunan!;1
sub;ajude a brasilball a sobreviver;1
sub;ajude a manter o blog pai viúvo;1
sub;ajude a saikai!!!;1
sub;ajude a são paulo da depressão a ficar cada vez melhor e maior!;1
sub;ajude a toca do nerd!!;1
sub;ajude apolloart;1
sub;ajude mazaki a fazer arte;1
sub;ajude no desenvolvimento ❤;1
sub;ajude o blog fulton pain a crescer;1
sub;ajude o canal do isaac duó;1
sub;ajude o mangá br;1
sub;ajude o meme 'me solta'' sobreviver;1
sub;ajude um soullep;1
sub;ajudinha para comprar materiais;1
sub;alcançando o impossível;1
sub;alecia cartoons;1
sub;alice blue;1
sub;alice in badland;1
sub;aliens of camila;1
sub;aline cristine;1
sub;almoço, bar & lancherias;1
sub;alpha comics;1
sub;alucinator scan;1
sub;além da vida - quadrinho bl;1
sub;além dos quadrinhos;1
sub;amalgama estúdio;1
sub;ana luiza koehler;1
sub;anima_nel - brasil anos 2 mil;1
sub;animanga;1
sub;animangá;1
sub;anime brasileiro - lion gael;1
sub;anime center;1
sub;anime sharing day;1
sub;animebomb;1
sub;antonio alan mangaka;1
sub;apenas um pedro;1
sub;apm - artes e quadrinhos;1
sub;apoia a bonne;1
sub;apoia serelepe;1
sub;apoia.se indie ban!;1
sub;apoiar;1
sub;apoie a arte da racka;1
sub;apoie a arte de jeffartes!;1
sub;apoie a imagine;1
sub;apoie a página;1
sub;apoie a woo! magazine;1
sub;apoie minha produção de conteúdo;1
sub;apoie o arte destrutiva!;1
sub;apoie o bacellar - cartunismo;1
sub;apoie o blog splashpages;1
sub;apoie o café, cactos e dinossasuros;1
sub;apoie o calvet;1
sub;apoie o canal almanimes;1
sub;"apoie o canal e ganhe acesso ao ""clã secreto""";1
sub;apoie o canal e seja vip;1
sub;apoie o docontra;1
sub;apoie o mangá decon!;1
sub;apoie o marcelo ganhe iphone zero;1
sub;apoie o nerdiota!;1
sub;apoie o planeta bugado!;1
sub;apoie o uma voz da consciência;1
sub;apoie sou petrus;1
sub;apoie sua artista local - ing lee;1
sub;apoie the king in the sun;1
sub;apoie um artista: o m á a r t e;1
sub;apoie um illustrador;1
sub;apoiem o canal;1
sub;apoio a bina confusa;1
sub;apoio ao cícero apenas;1
sub;apoio da alcateia - rhamirex;1
sub;apoio na moralzinha;1
sub;appeducar;1
sub;apóie a rádio ipanema comunitária fm 87,9 - financiamento coletivo;1
sub;arkanum - web comic brasileira!!!;1
sub;armon em ação!;1
sub;arrecadando sonhos;1
sub;arroi cum legumao;1
sub;arte livro e quadrinhos toda semana;1
sub;artes da ard;1
sub;artes do axé;1
sub;artes do cesão;1
sub;artisticamente ajudando os filhos;1
sub;as crônicas de um idiota;1
sub;as pérolas de uel;1
sub;as tiras do caos!;1
sub;asteri;1
sub;atelier do ginzo;1
sub;aulicha;1
sub;austrália premium;1
sub;autismo em quadrinhos;1
sub;aventuras do livro azul;1
sub;baby drawer;1
sub;balaio secreto do lorde desenheiro;1
sub;baphometes;1
sub;basket360;1
sub;bat/broken angel theory;1
sub;beatrice witt;1
sub;beatriz blodau;1
sub;berilo cat peste;1
sub;berze: deus lhe pegue.;1
sub;best friends do jesusinho;1
sub;betrinequerestudar;1
sub;bill e mandy;1
sub;binho productions comics;1
sub;bismarcke art;1
sub;blezzz;1
sub;blockchainsupertrader.com;1
sub;blog endereço disponível;1
sub;blog os profanos;1
sub;bloodvessel;1
sub;blue ghost;1
sub;bombeiro mascarado;1
sub;brasileiro de aço;1
sub;brcomic oficial;1
sub;breno garcia;1
sub;bucanera pelo mundo;1
sub;buscando uma nova odisséia;1
sub;bárbara amádio;1
sub;café com leite e tiras do la cruz;1
sub;caio castellucci;1
sub;caixa do remedios;1
sub;caixopolis;1
sub;canal adailson ferreira;1
sub;canal de short - fred whatever;1
sub;canal desenhos do tiburcio;1
sub;canal do tony;1
sub;canal lute pela revolução;1
sub;canal marvei;2
sub;canal ocontrollador;1
sub;canal prodigy nerd;1
sub;canal que?! games!;1
sub;canal quimera;1
sub;canal side quest;1
sub;canal sralonez;1
sub;canal sunrett;1
sub;canal walace;1
sub;capinaremos;1
sub;capitão barba;1
sub;capitão miolo-mole;1
sub;caricatiras;1
sub;carreira do desenhista;1
sub;casca-de-noz;1
sub;caverna do refúgio;1
sub;cecilia tangerina faz quadrinhos!;1
sub;central hqs;1
sub;charges do vinoli;1
sub;chateados-scans | financiamento!;1
sub;chuva de zine;1
sub;cientirinhas;1
sub;cinemantenado;1
sub;clara carvalho;1
sub;clemyisdying campaign;1
sub;clube da hq barras;1
sub;clube de apoio ao giu desenhos;1
sub;clube de assinatura helôilustra;1
sub;clube de assinaturas: hana karnon;1
sub;clube do alfredo;1
sub;clube do bastiaograms;1
sub;clube do blue;1
sub;clube do pedro leite;1
sub;clube do sigui;1
sub;clube do vida de suporte;1
sub;clube dos problemas & cia;1
sub;clube dos surtinhos;1
sub;clube mnq;1
sub;clube protótipo;1
sub;clubinho da brielli;1
sub;clubinho do mattos;1
sub;clubinho dos caídos;1
sub;coisas estranhas;1
sub;coletivo catarse transforma;1
sub;coletivo guilda dos quadrinhos;1
sub;colibrí tóxico;1
sub;começando com o pior talento rank-z;1
sub;comic city;1
sub;comic club br;1
sub;comics e arte digital;1
sub;compre minha arte enquanto tô vivo;1
sub;conhecimento financeiro;1
sub;continuidade da produção artística;1
sub;contos da meg;1
sub;contos do siará;1
sub;contra gigantes;1
sub;conversa de nerd;1
sub;cosmic wolf club;1
sub;cotoco news;1
sub;crescer com criatividade;1
sub;criando fã games;1
sub;criações da re vitrola;1
sub;cronologiahq;1
sub;cronus case;1
sub;cyn gomes;1
sub;d. l. werneck;1
sub;d.pedro ii - o imperador no exílio;1
sub;daieny schuttz;1
sub;daniel hdr;1
sub;daniel lopez/desvendando o original;1
sub;david arievilo;1
sub;db_arts;1
sub;death star - a lenda dos defensores;1
sub;deby dreamwalker;1
sub;desat.se;1
sub;desatencioso;1
sub;descolados;1
sub;desenha randall random;1
sub;desenhando a natureza;1
sub;desenhos da steps;1
sub;desenhos do nando;1
sub;desenhos e comedia;1
sub;desorientanda;1
sub;desvio de verba;1
sub;devaneio aleatório;1
sub;dharma;1
sub;dicas e materiais com flavio soares;1
sub;divisao 9;1
sub;diário ilustrado;1
sub;dona anésia & cia;1
sub;down o infernal mundo de syndrome;1
sub;draconnasti;1
sub;dragonarte;1
sub;dragão teimoso - dtcast;1
sub;duck iazy semanal/quinzenal;1
sub;e.t. zuba;1
sub;ebook box - séries & quadrinhos;1
sub;ecinho lima;1
sub;edimania;1
sub;editora celeste;1
sub;editora humanas - fã page;1
sub;editora kimera;1
sub;editora sepiante;1
sub;editorabezalel:  artes & ofícios;1
sub;educação web3 é o futuro digital!;1
sub;elton santos;1
sub;em um outro mundo;1
sub;embaúra - ufologia em quadrinhos;1
sub;entre facas & canetas;1
sub;epopéia - guerreiros do universo;1
sub;equipamentos p/ livestream/podcasts;1
sub;ester4vieira;1
sub;estoriador;1
sub;estudio nerd | cinema, quadrinhos;1
sub;estúdio daniel brandão;1
sub;estúdio heavy & salsa;1
sub;estúdio reich;1
sub;eu apoio o coletor de histórias;1
sub;eu apoio o gurulino!;1
sub;eullereu;1
sub;eusoustonehenge.;1
sub;experiência psicodélica;1
sub;fabriano rocha;1
sub;falando de filmes e séries;1
sub;fantasmas de honey dear;1
sub;fazendo quadrinhos;1
sub;fazendo quadrinhos e vivendo!;1
sub;faça valer a pena!;1
sub;felipe augusto pintura digital;1
sub;felipe lisboa castro;1
sub;felipe sena;1
sub;felix comic con;1
sub;finch e o anjo;1
sub;fire crown;1
sub;flávio almeida;1
sub;fogo e gelo;1
sub;free friday;1
sub;frezza - cabeça de planeta;1
sub;friends z comics;1
sub;fábrica;1
sub;fábula do destino;1
sub;fábula fabulosa;1
sub;fé em 3d;1
sub;gabriel billy;1
sub;gabtuns;1
sub;galego apulso;1
sub;geek one;1
sub;geek station;1
sub;geleia total;1
sub;genildo charges;1
sub;gerson de lima galvao;1
sub;gibiteca na zona leste;1
sub;gigantes ou moinhos de vento?;1
sub;gil mendes;2
sub;goblins!;1
sub;gok universe;1
sub;gorjeta e recompensas;1
sub;gota de areia;1
sub;goók&bou - tirinhas;1
sub;grupo de apoiadores nerd world club;1
sub;gráfica neubert / editora kalima (off);1
sub;guardiões;1
sub;guardiões da justiça;1
sub;gustavo nascimento;1
sub;hebi weiss;1
sub;heróis sonhadores;1
sub;hgs anime;1
sub;hiroshi: world wires;1
sub;história em quadrinho;1
sub;histórias de isolamento;1
sub;histórias sem quadrinhos;1
sub;hkyll e andy;1
sub;hq daisy monkey;1
sub;hq do anjourbano;1
sub;hq dusk & dawn cataclismo;1
sub;hq e manga brasil;1
sub;hq manchados de sangue;1
sub;hq missão lendária;1
sub;hq nuux;1
sub;hqbr;1
sub;hqs canhotas;1
sub;hqs de mateus de mello furquim;1
sub;humor da depressão;1
sub;humor de cada dia;1
sub;hurulla club;1
sub;ico duarte e seus projetinhos;1
sub;ilha kaijuu;1
sub;iluminus;1
sub;ilustrando nosso amor;1
sub;ilustrart: ilustração e design;1
sub;ilustrações com meg4mente!;1
sub;ilustrações de garotas mangá;1
sub;ilustrações e quadrinhos 1luska1;1
sub;imaginário sociológico;1
sub;imasugu -  ajuda pra custeio;1
sub;impydragon arte;1
sub;infinity world;1
sub;iniciativa vingadores;1
sub;ink-mix studio;1
sub;isa danoninho;1
sub;isabella schneider de oliveira;1
sub;isadora ferraz;1
sub;ivo (websérie);1
sub;jacob athias tutoriais;1
sub;januarissimo vivendo de quadrinhos;1
sub;jao de merda;2
sub;jarlan félix;2
sub;jean okada;1
sub;jg histórias;1
sub;joanna maciel;1
sub;john byrne comics & more;1
sub;jonnas;1
sub;jorge junior;1
sub;jornada cosplayer e influenciadora;1
sub;joão miranda ilustrador;1
sub;judao.com.br;1
sub;julhelena;1
sub;juliano rocha oliveira;1
sub;kael vitorelo;1
sub;kai faz umas artes;1
sub;kaio moreira;1
sub;kaiowá media;1
sub;kaminari no kenshi/tropa relâmpago;1
sub;karolyne rocha - art;1
sub;katty winne(verse) fazendo arte;1
sub;ken no tsumi - o pecado da espada;1
sub;keto comics;1
sub;kiko welbber;1
sub;kuork tradutores errantes;1
sub;l j animações;1
sub;la saga de bryan;1
sub;lado b lado a;1
sub;lady stardust;1
sub;legião do abismo;1
sub;leia hq nacional, curta charges;1
sub;lendo quadrinhos nacionais;1
sub;lenyz comics;1
sub;life in code;1
sub;lila cruz;1
sub;linha especial de cadernos;1
sub;linhas de tensão;1
sub;lino arruda;1
sub;liverpool comics;2
sub;livro poemação.;1
sub;loki artes;1
sub;lorena herrero;1
sub;"los 3 ""inimigos"" por tiago recchia";1
sub;ltg;1
sub;lucas celestino;1
sub;lucas sb art;1
sub;lucasilva;1
sub;luciano salles;1
sub;lucy minene;1
sub;luiz andrade;1
sub;luiza de souza;1
sub;lumikai;1
sub;luz, ainda que tardia;1
sub;make good art comics;1
sub;maki em aventuras surreais;1
sub;mangaka leed;1
sub;mangakagalego;1
sub;mangateca dicria;1
sub;mangá manto de guerra;1
sub;mangá nuvem;1
sub;mangá: dragon ball hakai;1
sub;mangás para kindle no formato mobi;1
sub;manoel taylor 🎨;1
sub;manáo;1
sub;marcos eduardo;1
sub;mario koller artes;1
sub;mascara nerd;1
sub;matheus joy boy;1
sub;max andrade x tempo;1
sub;me ajude a continuar traduzindo;1
sub;me ajude a paga meus estudos? e tbm realiza meu sonho;1
sub;me ajude a viver da minha arte!;1
sub;mecenato lídico;1
sub;meenhas aventuras;1
sub;megabox addon;1
sub;megafauna;1
sub;megumi kdrw;1
sub;meiriany ilustra;1
sub;meninas wtf - 2020, o retorno;1
sub;mercenários;2
sub;mestre das antigas;1
sub;meu mangá: jikan no mondai;1
sub;meu meme minha vida;1
sub;meu sonho: um mangá;1
sub;meury aguiar;1
sub;meuscomics;1
sub;mina de hq;1
sub;minha hq autoral.;1
sub;minha vida de cão;1
sub;ministério louvor na terra;1
sub;missão nas estrelas;1
sub;misterio;2
sub;mistery plays;1
sub;mmyoi (mari);1
sub;moonlight selenites;1
sub;motta;1
sub;mozart cunha do couto;1
sub;mucufo coletivo de quadrinhos;1
sub;mugiwaras oficial;1
sub;mundo desconhecido;1
sub;mundo malucão;1
sub;mundo mangas;1
sub;mundos fantásticos;1
sub;munpop mundo pós pandemia;1
sub;murata academy;1
sub;mãe especial;1
sub;nada;1
sub;nagaiverse - universo expandido;1
sub;narrativando;1
sub;neko neko kindle;1
sub;nerd tatuado;1
sub;nerdnewsfrombrazil;1
sub;nesh young jornada;1
sub;newpop editora;1
sub;nhq club;1
sub;nina & ariel ++;1
sub;no space for us;1
sub;nossoanime network;1
sub;nova rede social yupii brasil;1
sub;o anjo e a sereia;1
sub;o cabeça de saco;1
sub;o caminho das flores;1
sub;o ceifador de monstros;1
sub;o futuro mangá;1
sub;o livro de klint;1
sub;o miranimes precisa de você!;1
sub;o mundo é o meu quintal;1
sub;o mímico em quadrinhos;1
sub;o prologo de yubiwa;1
sub;o.s.h & windowed | comic;1
sub;ocultirinhas apoio;1
sub;odisseia naftalina;1
sub;omega comics;1
sub;one piece black version - araujo;1
sub;orc azul;1
sub;originais esquitini;1
sub;os formidáveis- uma saga brasileira;1
sub;os guerreiros de saturno;1
sub;otaku monstro;1
sub;otsuru mangás & animes;1
sub;palhaço;1
sub;panelinha da batatinha;1
sub;papermelon :o);1
sub;parque urbano da macaxeira.;1
sub;país das maravilhas da melryn;1
sub;pintando o 7;1
sub;pipipum - um diário ilustrado de pais de primeira viagem.;1
sub;pipocas club;1
sub;plasma hero - animação e quadrinhos;1
sub;podcast gibi nosso de cada dia;1
sub;pokémon drag race;1
sub;pokémon story;1
sub;pop arts - geeklândia;1
sub;portal mystère;1
sub;power rainbows;1
sub;prayer place - ajude-nos;1
sub;produzindo história em quadrinhos!;1
sub;professor krauss;1
sub;programa nippotv;1
sub;project mangá;1
sub;projeto anomalia;1
sub;projeto café do felino;1
sub;projeto end;1
sub;projeto força.br;1
sub;projeto high level;1
sub;projeto odispace;1
sub;projeto parqueum na rede social.;1
sub;projeto puara vereda;1
sub;projeto web rádio.;1
sub;projetos do tiburcio;1
sub;projetos fycreat;1
sub;protetores nacionais  - volume 1;1
sub;pulp;1
sub;pyccampor;1
sub;pão da vida;1
sub;quadrinho dragões gêmeos volume 2;1
sub;quadrinhos as aventuras de davi;1
sub;quadrinhos da mel;1
sub;quadrinhos do lucas;1
sub;quadrinhos fraternos;1
sub;quadrinhos homem reptil;1
sub;quadrinhos hqs gibis divulgação;1
sub;quadrinhos toscos;1
sub;quanticons;1
sub;quarto dos sonhos canal therainho;1
sub;rabisco;1
sub;rafael oliveira pina gimenes;1
sub;rafão o maior leitor de gibis;1
sub;raiozinho mari;1
sub;raknay - produções animadas;1
sub;rapha pinheiro;1
sub;rascunho maldito;1
sub;ray mangás;1
sub;rc produções;1
sub;red dragon;1
sub;relatos de um dia incrivelmente mediano;1
sub;relatório espacial;1
sub;ren nolasco;1
sub;repolho azedo;1
sub;revelations - the darkness;1
sub;revista elysium rpg's;1
sub;revoltirinhas;1
sub;rey m.l.;1
sub;robiscos;1
sub;robô ilustrador;1
sub;rodrigo franco;1
sub;rodrigo geraldi;1
sub;rogerio casacurta;1
sub;ronin fanzine;1
sub;ronroncora;1
sub;roy no multiverso / trinityverse!;1
sub;rpg draw (desenhos a mão livre);1
sub;rpg faomatryxss;1
sub;rubros versos;1
sub;rubyvlog;1
sub;runes;1
sub;sabatina geek;1
sub;salário prós escr-dubladores;1
sub;santo perspicaz, eu apoio!;1
sub;sapo autista;1
sub;sarah chibi arts;1
sub;sarayu - an indie game development;1
sub;seasons of avallen;1
sub;seja um apoiador nerdlandia games;1
sub;sense life;1
sub;septversum;1
sub;sessão vip;1
sub;seu android;1
sub;shara de fênix;1
sub;shiki animes;1
sub;shoidan - historia em quadrinhos;1
sub;shonen comics;1
sub;singularmente;1
sub;sintel star;1
sub;skat!;1
sub;smoking cats;1
sub;sobre livros;1
sub;sobrevivendo na argentina;1
sub;sociedade do mágico se;1
sub;sorteios;1
sub;souls;1
sub;stanley machado contra o universo;1
sub;streamer;1
sub;subtosco;1
sub;só lutas;1
sub;t s carmo;1
sub;talessak;2
sub;tassiranha;1
sub;taylinda;1
sub;tea party da 2fy;1
sub;tegmine official;1
sub;tenda de garatujas;1
sub;teocrasília por denis mello;1
sub;terra de ningen;1
sub;thais linhares: ateliê;1
sub;the art of jimmy;1
sub;the dark on light (br);1
sub;the fighterz - ファイターズ;1
sub;the moviemakers;1
sub;the ray - the 7th mystery - h.game;1
sub;thiagocosta.c;1
sub;thyybrandao;1
sub;tiagomi;1
sub;tiras ao ermo;1
sub;tiraz;1
sub;tirinhas 3 gerações;1
sub;tirinhas da gabsy;1
sub;tirinhas do hostilnato;1
sub;tirinhas inomináveis;1
sub;todos por fat heroes;1
sub;torne o mundo de titto, ainda mais incrível - ajude a melhorar o canal e o conteúdo.;1
sub;total bleed magazine;1
sub;toth comix;1
sub;tradução de mangás | manhwa's, etc.;1
sub;tralhas do jon;1
sub;traço-;1
sub;troco da hq (comic tip);1
sub;tropicária;1
sub;turma do juliano;1
sub;turma do pato papaco;1
sub;turma do pitiú e xibé;1
sub;turma do xiboca;1
sub;u n l i k e;1
sub;unfold brazil donation;1
sub;unicornio ilustrador by ruth araujo;1
sub;universo em bolha de tinta;1
sub;universo imaginário;1
sub;vagalumie;1
sub;valdo alves;1
sub;valdo arts;1
sub;venha apoiar o com noção a crescer!;1
sub;venha construir a mana potion com a gente!;1
sub;victor diogenes;1
sub;vida de programador;1
sub;vida e arte com batata sem umbigo;1
sub;viih fiorotto;1
sub;vila oculta do cuscuz;1
sub;vip neura comics;1
sub;vitor emanuel ajudar;1
sub;vitral - boys love anime!;1
sub;viva sp;1
sub;viver de quadrinhos!;1
sub;viver é complicado;1
sub;voyager;1
sub;w pictures;1
sub;wagner willian;1
sub;weekly jump box;1
sub;wilson claudio arts;1
sub;witchcraft space;1
sub;xis, seu sorriso não tem preço;1
sub;xrdarts;1
sub;xxxtyr5;1
sub;yellow talk podcast;1
sub;yndomatti atelier;1
sub;yoshi itice;1
sub;youtuber, escritor e futuro engenheiro.;1
sub;yuyu;1
sub;zanadu;1
sub;zine pixies;1
sub;zines, prints, originais;1
sub;é o grito do bicho;1
sub;✨ clube da camis ✨;1
